,count
the,1128
to,882
and,591
of,453
a,449
rt,392
in,382
for,361
we,258
is,240
our,239
i,223
on,196
will,176
with,163
that,162
this,129
at,128
-,127
be,117
@10downingstreet:,116
my,115
are,111
pm,107
it,107
you,98
today,96
have,96
all,91
their,90
more,88
people,83
@conservatives:,82
as,81
great,79
has,77
who,76
by,75
‚Äì,72
uk,72
@theresa_may,70
@number10gov:,70
from,67
country,67
,66
can,65
an,64
brexit,63
was,63
prime,58
&amp;,58
@theresamay2016,53
minister,53
best,50
britain,50
work,50
new,50
need,48
support,47
do,46
they,45
why,45
your,45
government,45
help,43
those,42
get,42
about,42
out,42
us,40
make,40
deal,40
so,39
want,39
but,38
theresa,38
thank,38
one,36
am,35
backing,35
every,35
next,34
not,34
me,34
since,32
good,31
her,31
i'm,31
leadership,31
everyone,31
vote,31
build,30
may,30
been,30
just,30
right,29
day,29
world,29
local,29
very,29
time,28
them,28
british,28
working,28
deliver,28
together,27
into,27
eu,27
now,26
congratulations,26
last,26
party,25
strong,25
his,24
no,24
which,24
future,24
proud,24
what,24
#tm4pm,24
over,23
there,23
leave,23
year,23
she,23
meet,23
public,23
wish,22
plan,22
continue,22
years,22
how,22
works,22
national,22
than,22
up,22
its,21
today.,21
must,21
conservative,21
better,21
should,21
many,21
see,21
across,21
nhs,21
watch,20
team,20
where,20
were,20
take,20
helping,20
million,19
campaign,19
voted,19
.@theresa_may:,19
first,19
ensure,19
meeting,19
made,19
that's,18
would,18
other,18
back,18
keep,18
it's,17
announced,17
happy,17
if,17
delighted,17
plastic,17
important,17
around,16
pleased,16
@conservatives,16
only,16
women,16
downing,16
like,15
homes,15
through,15
visited,15
street,15
set,15
way,15
place,15
britain.,15
celebrate,15
or,15
stronger,15
i‚Äôm,15
when,15
#pmqs,15
unite,15
change,15
put,15
businesses,15
#pminchina,14
economy,14
statement,14
live:,14
hard,14
leader,14
welcome,14
secure,14
#peston,14
huge,14
supporting,14
met,14
delivering,13
mission,13
protect,13
step,13
services,13
mps,13
duty,13
down,13
after,13
that‚Äôs,13
stand,13
much,13
clear,13
action,13
morning,13
know,13
life,13
young,13
@theresamay2016:,13
fantastic,13
part,13
had,13
housing,13
living,13
provide,12
supporter,12
use,12
being,12
security,12
thoughts,12
experience,12
leaders,12
forward,12
stamp,12
show,12
going,12
launch,12
end,12
@hmtreasury:,12
future.,12
number,12
pm:,12
taking,12
children,12
let,12
tackle,12
these,12
"today,",12
lead,11
increase,11
success,11
"strong,",11
sure,11
building,11
country.,11
tax,11
two,11
armed,11
members,11
business,11
visit,11
lives,11
improve,11
create,11
some,11
#budget2017,11
getting,11
parliament,11
home,11
jeremy,11
council,11
thanks,11
say,11
we‚Äôre,11
excellent,11
pay,11
night,10
united,10
ahead,10
news,10
celebrating,10
join,10
labour,10
wonderful,10
families,10
needs,10
opportunities,10
doing,10
jobs,10
reception,10
funding,10
school,10
never,10
election,10
special,10
staff,10
making,10
we've,10
follow,10
things,9
again,9
secretary,9
union,9
big,9
it.,9
also,9
following,9
strengthen,9
talking,9
ever,9
remember,9
üá¨üáßüá®üá≥,9
"country,",9
start,9
whole,9
campaigning,9
record,9
mental,9
wishes,9
before,9
committed,9
health,9
european,9
most,9
please,9
go,9
rights,9
commitment,9
mp,9
real,9
each,9
here,9
long,9
chancellor,9
he,9
#roadtobrexit,9
hope,8
both,8
tm:,8
i‚Äôve,8
christmas,8
between,8
said,8
speech,8
proven,8
attack,8
"eu,",8
bill,8
world.,8
china,8
honour,8
under,8
candidate,8
vital,8
live,8
pleasure,8
week,8
conservatives,8
first-time,8
president,8
meaning,8
10,8
i've,8
@emmanuelmacron,8
everything,8
supported,8
charity,8
possible,8
stable,8
constituency.,8
female,8
fund,8
uk.,8
research,8
job,8
lost,8
vision,8
lives.,8
any,8
we're,8
believe,8
come,8
luck,8
constituency,8
year.,8
trade,8
fit,8
leading,8
everyone.,8
money,8
even,8
done,8
during,8
world‚Äôs,8
speaks,8
well,8
#vote100,7
millions,7
remains,7
citizens,7
always,7
means,7
global,7
four,7
determined,7
here's,7
services.,7
#marr,7
manchester,7
1,7
able,7
grenfell,7
free,7
community,7
emergency,7
merkel,7
care,7
workers,7
tonight,7
forces,7
launched,7
discuss,7
person,7
open,7
service,7
level,7
it‚Äôs,7
theresa's,7
"brexit,",7
bring,7
own,7
buy,7
#g7,7
too,7
people.,7
learning,7
sign,6
today‚Äôs,6
host,6
let‚Äôs,6
we‚Äôve,6
https://‚Ä¶,6
opportunity,6
role,6
climate,6
backs,6
days,6
billion,6
spending,6
commonwealth,6
sets,6
city,6
victims,6
the‚Ä¶,6
choice,6
economy.,6
.@theresa_may,6
northern,6
read,6
uk‚Äôs,6
government‚Äôs,6
unemployment,6
look,6
enjoyed,6
affected,6
prosperous,6
society,6
thousands,6
tribute,6
truly,6
st,6
talented,6
group,6
i'll,6
giving,6
control,6
off,6
lovely,6
history,6
seen,6
nation,6
serve,6
afternoon,6
few,6
loneliness,6
#25yearplan,6
family,6
social,6
hand,6
conference,6
serious,6
day.,6
to‚Ä¶,6
full,6
importance,6
tech,6
london,6
give,6
biggest,6
ban,6
tomorrow,6
marks,6
here:,6
move,6
progress,6
negotiations,6
because,6
inspirational,6
key,6
-tm,6
chance,6
brexit.,6
shared,6
relationship,6
ready,6
defence,6
heads,5
tackling,5
broken,5
donald,5
"day,",5
fix,5
minister.,5
result.,5
taken,5
second,5
britain‚Äôs,5
challenging,5
wants,5
pledge,5
https://t.c‚Ä¶,5
rise,5
negotiations.,5
energy,5
needs.,5
latest,5
announce,5
moment,5
times,5
today's,5
close,5
hosted,5
efforts,5
"stronger,",5
until,5
improving,5
really,5
safe.,5
hours,5
including,5
"government,",5
matter,5
we‚Äôll,5
adults,5
politics,5
earlier,5
built,5
terrible,5
industrial,5
years.,5
feel,5
#nhs70,5
negotiate,5
position,5
"schools,",5
"""we",5
later,5
let's,5
animal,5
less,5
strategy,5
h‚Ä¶,5
home.,5
highest,5
listen,5
difficult,5
talk,5
force,5
agreed,5
three,5
left,5
additional,5
passionate,5
send,5
incredible,5
peaceful,5
warmest,5
100,5
came,5
based,5
brings,5
still,5
values,5
difference,5
cabinet,5
jo,5
condolences,5
ideas,5
legacy,5
lgbt+,5
crucial,5
whilst,5
safe,5
eliminate,5
spend,5
brighter,5
them.,5
provides,5
parliament.,5
campaigner,5
looking,5
investment,5
become,5
find,5
cut,5
success.,5
mark,5
charge,4
wherever,4
"jobs,",4
philip,4
doubt,4
for.,4
foreign,4
talks,4
yesterday,4
once,4
official,4
#brexit,4
terror,4
@potus,4
abuse,4
absolutely,4
programme,4
laws,4
@10downingstreet,4
extraordinary,4
standards,4
charities,4
windrush,4
outside,4
uk-china,4
muslims,4
international,4
corbyn?,4
"fairer,",4
"services,",4
groups,4
response,4
#toryleadership,4
initiative,4
announcement,4
low,4
one.,4
violence,4
economic,4
challenge,4
environment,4
fight,4
leaving,4
generation,4
april,4
keeping,4
brussels,4
today:,4
historic,4
winter,4
anniversary,4
england,4
contest,4
trump,4
high,4
chinese,4
increased,4
domestic,4
democracy,4
could,4
ensuring,4
corbyn,4
@england,4
strength,4
age,4
hosting,4
advantage,4
holding,4
brave,4
"year,",4
ireland,4
"world,",4
held,4
run,4
average,4
commons,4
2010,4
address,4
certainty,4
summit,4
result,4
clean,4
small,4
steps,4
companies,4
work.,4
#raf100,4
tower,4
"me,",4
brilliant,4
"right,",4
2010.,4
bravery,4
all.,4
challenges,4
scotland,4
they‚Äôre,4
"together,",4
education,4
figures,4
ht‚Ä¶,4
volunteers,4
loved,4
centenary,4
modern,4
such,4
investing,4
agreement,4
@houseofcommons,4
‚Äúwe,4
friends,4
summit.,4
grow,4
cooperation,4
organisation,4
"""i",4
share,4
remain,4
positive,4
quality,4
schools,4
mike,4
cllr,4
wage,4
enormous,4
personal,4
allies,4
state,4
time.,4
exactly,4
reduce,4
maidenhead,4
hit,4
manifesto,4
woman,4
dedication,4
sleeping,4
against,4
buyers,4
market,4
interview,4
o‚Ä¶,4
century,4
act,4
here‚Äôs,4
skills,4
https://t.co/ba1j4gdg5l,4
us.,4
inspiration,4
#ourcommonwealth,4
#threelions,4
fire,4
negotiating,4
voting,4
you.,4
military,4
power,4
a‚Ä¶,4
nations,4
do.,4
personnel,4
play,4
royal,4
trust,4
review,4
extra,4
decent,4
t‚Ä¶,4
appalling,4
"""the",3
campaign.,3
students,3
paying,3
determination,3
"family,",3
march,3
putting,3
moving,3
earn,3
banks,3
candidates,3
low.,3
dudley,3
memory,3
delivered,3
council.,3
2008.,3
while,3
ones,3
particularly,3
wear,3
behalf,3
angela,3
8th,3
straight,3
june,3
@telegraph,3
"""my",3
received,3
"do,",3
coming,3
visiting,3
introduced,3
ivory,3
clarity,3
precious,3
technology,3
nurses,3
superb,3
plans,3
child,3
invested,3
"""this",3
message,3
red,3
school.,3
silence,3
https://t‚Ä¶,3
gets,3
patients,3
equality,3
testament,3
pupils,3
issues,3
you‚Äôll,3
wales,3
lowest,3
heart,3
kingdom,3
prince,3
of‚Ä¶,3
continued,3
20,3
third,3
crack,3
member,3
beyond,3
puppy,3
total,3
within,3
ambition,3
north,3
privileged,3
actions,3
faith,3
long-term,3
cap,3
respect,3
11,3
households,3
needed,3
decisions,3
term,3
raise,3
europe.,3
country's,3
waste,3
disease,3
children‚Äôs,3
theresa.,3
money.,3
ties,3
joint,3
oceans,3
call,3
"vote,",3
macron,3
employment,3
price,3
return,3
wages,3
faster,3
created,3
far,3
learn,3
veterans,3
article,3
saddened,3
add,3
poorer,3
@lucyallan:,3
#cpc16,3
https:/‚Ä¶,3
"growth,",3
dame,3
pass,3
almost,3
@theresamay2016.,3
died,3
awards.,3
former,3
festival,3
path,3
contest.,3
#iwd2018,3
rough,3
without,3
support.,3
tour,3
youth,3
rules,3
ahead.,3
fairer,3
https://t.co/jtx9bojjuz,3
welcomed,3
primary,3
cost,3
parliamentary,3
80%,3
towards,3
significant,3
course,3
#engcro,3
‚Äúmy,3
month,3
became,3
https://t.co/‚Ä¶,3
save,3
whatever,3
elected,3
west,3
200,3
era,3
seeing,3
withdrawal,3
spoke,3
questions,3
tragic,3
deal.,3
behind,3
inspiring,3
avoidable,3
debate,3
teachers,3
@royalairforce,3
forum,3
priority,3
@number10gov,3
letter,3
diagnosed,3
type,3
seize,3
tonight's,3
potential.,3
decision,3
valley,3
diabetes.,3
affected.,3
golden,3
secured,3
setting,3
boost,3
already,3
offer,3
area,3
2,3
proud.,3
opening,3
flag,3
championed,3
office,3
"constituency,",3
eu.,3
clear:,3
inequality,3
more.,3
nikki,3
strides,3
#chogm2018,3
leadership.,3
society.,3
celebrations,3
benefits,3
joined,3
forge,3
publish,3
https://t.co/xm2lkcjxjz,3
"ahead,",3
"pm,",3
politician,3
‚Äî,3
face,3
@foreignoffice:,3
protections,3
homes.,3
life.,3
#100years,3
press,3
@daviddavismp,3
communities,3
closely,3
welcomes,3
future:,3
dinner,3
buyers.,3
spirit,3
syrian,3
"women,",3
duke,3
sacrifice,3
‚Äútoday,3
discussion,3
https:‚Ä¶,3
attend,3
eid,3
http‚Ä¶,3
facts,3
fulfil,3
history.,3
cowardly,3
unacceptable,3
him,3
"300,000",3
listening,3
women‚Äôs,3
generations,3
available,3
single,3
movement,3
stop,3
offering,3
cox,3
bringing,3
week.,3
i‚Äôll,3
final,3
weekend,3
service.,3
3,3
shocked,3
fallen,3
introducing,3
human,3
environment.,3
law,3
congratulate,3
again.,3
#longtermnhsplan,3
speaking,3
30,3
sending,3
loss,3
lower,3
alongside,3
statue,3
chemical,3
death,3
six,3
britain:,3
western,3
system,3
re‚Ä¶,3
discussed,3
passed,3
productive,3
road,3
past,3
growing,3
ourselves,3
daesh,3
poorest,3
welsh,3
happen.,3
@philiphammonduk,3
12,3
iraq,3
centre,3
another,3
"experience,",3
housebuilding,3
uk's,3
"doctors,",3
chancellor:,3
leaves,3
whose,3
gives,3
class,2
seriously.,2
commit,2
"businesses,",2
decency,2
representing,2
battle,2
‚Äúi,2
rate,2
#ge2017,2
suffrage,2
natural,2
"here,",2
colleagues,2
for‚Ä¶,2
took,2
green,2
caused,2
cannot,2
absolute,2
@gregclarkmp,2
stakes,2
pretend,2
greatest,2
shows,2
promote,2
backed,2
#askhertostand,2
yourself,2
resource,2
birmingham,2
tower.,2
agree,2
using,2
got,2
@ruthdavidsonmsp,2
standing,2
hurricanes,2
devastating,2
canada,2
games,2
"‚Äòtoday,",2
islands,2
government.,2
#holocaustmemorialday,2
#technation,2
experts,2
unique,2
taxpayers,2
lose,2
entering,2
"hall,",2
#socialsummit17,2
"leader,",2
mums,2
begins,2
collective,2
champion,2
served,2
welfare.,2
evidence,2
gathering,2
#chogm18,2
10am,2
tune,2
an‚Ä¶,2
greater,2
parents,2
ensures,2
unprecedented,2
irma,2
prosperity,2
injured,2
"change,",2
telephone,2
chairman,2
18,2
continuing,2
travelled,2
town,2
@cbbc:,2
stories,2
worked,2
scientists,2
"done,",2
queen,2
sustainability,2
pride,2
"morning,",2
"need,",2
taxes,2
afford,2
cast,2
"safe,",2
"people,",2
lunch,2
nhs.,2
gave,2
convention,2
weapons,2
arrives,2
tomorrow.,2
syria:,2
houses,2
situation,2
"""to",2
threats,2
iran,2
given,2
impact,2
honoured,2
communities.,2
having,2
transform,2
avoidance,2
colleague,2
"support,",2
"skills,",2
wuhan,2
information,2
terms,2
may.,2
prostate,2
act.,2
syria.,2
millicent,2
pollution,2
residents,2
transformed,2
¬£75m,2
#pminch‚Ä¶,2
maternity,2
york,2
factory,2
protects,2
legislation,2
demonstrate,2
period,2
premier,2
abolishing,2
li,2
media,2
receive,2
trudy,2
explains,2
8,2
walsall,2
"result,",2
becoming,2
unveiling,2
progress.,2
impressed,2
development,2
traditional,2
"better,",2
"that,",2
dangerous,2
jobs.,2
counts,2
"scotland,",2
"britain,",2
transport,2
üá¨üáß,2
edinburgh,2
cent,2
per,2
shoulder,2
‚Äòas,2
paris.,2
facing,2
clearly,2
head,2
w‚Ä¶,2
night's,2
intensify,2
patron,2
2022,2
votes,2
half,2
duchess,2
cambridge,2
happiness,2
cross-government,2
whom,2
intimidation,2
among,2
lasting,2
tessa,2
people's,2
athletes,2
access,2
50.,2
birmingham.,2
clear.,2
√†,2
process,2
outline,2
partners,2
hear,2
"market,",2
frozen,2
fayre,2
hq,2
beijing,2
ceremony,2
tea,2
threat,2
events,2
evil,2
characterised,2
generation:,2
meets,2
@ukinchina:,2
injustices,2
before.,2
nations.,2
further,2
#cbi2016,2
simple:,2
beyond.,2
countries,2
signing,2
unscrupulous,2
"come,",2
brain,2
breeders,2
degrade,2
fuel,2
regime‚Äôs,2
there.,2
illegal,2
reasons,2
depends,2
shanghai,2
seats,2
‚Äòmrs,2
poverty,2
"communities,",2
altogether,2
halve,2
negotiations:,2
turbulent,2
match,2
@matthancockmp:,2
pledged,2
2020,2
¬£1,2
students.,2
signed,2
b‚Ä¶,2
(withdrawal),2
standard,2
watched,2
@drphillipleemp:,2
area.,2
pm.,2
priorities,2
@davidjonesmp,2
councils,2
2015,2
oceans.,2
seas,2
need:,2
microbeads,2
gap.,2
that.,2
australia.,2
says,2
disabilities,2
e‚Ä¶,2
95%,2
budget,2
full-time,2
"her,",2
‚Äúthe,2
forces.,2
onto,2
deserve,2
planning,2
size,2
lgbt,2
prepared,2
#chanukah.,2
chanukah,2
story,2
genuine,2
makes,2
reach,2
policing,2
recognised,2
recognise,2
little,2
soldiers,2
paris,2
training,2
cutting,2
you‚Äôve,2
zero,2
receiving,2
assent,2
used,2
@jacindaardern,2
aid,2
birth,2
smooth,2
orderly,2
hidden,2
of.,2
"memory,",2
@davidgauke:,2
qualities,2
resilient,2
she's,2
unimaginable,2
there's,2
mosque,2
greener,2
"cleaner,",2
forget,2
tory,2
highlights,2
tree,2
cruel,2
post-18,2
employ,2
"more,",2
financial,2
‚Äúit,2
enough,2
single-use,2
uk:,2
employers,2
takes,2
summer,2
critical,2
"weekend,",2
cox.,2
#moreincommon,2
boosting,2
talent,2
@julianknight15:,2
@brandonlewis:,2
#reshuffle,2
"tomorrow,",2
old,2
#windrush70,2
announces,2
nice,2
worried,2
minds,2
bags,2
carrier,2
handover,2
rehabilitation,2
5p,2
involved,2
allowing,2
awards,2
winners,2
"""congratulations",2
"and,",2
lucy,2
#leaseholdscandal,2
"again,",2
#mentalhealth,2
reached,2
@andy4wm,2
fly,2
weeks,2
incredibly,2
nation.,2
innovative,2
innovators,2
landmark,2
deeply,2
"interests,",2
delivers,2
referendum,2
and‚Ä¶,2
poland,2
turn,2
chequers,2
cause,2
securing,2
range,2
hold,2
wide,2
"markets,",2
south,2
justice,2
easier,2
rip-off,2
@teamgb,2
dedicated,2
important.,2
belfast,2
bills,2
achieved,2
ways.,2
karen,2
bradley,2
speak,2
"live,",2
early,2
o,2
housing.,2
¬£500,2
unfair,2
rises,2
"christmas,",2
isn‚Äôt,2
corbyn.,2
honouring,2
delivers:,2
100th,2
"birthday,",2
sale,2
@sajidjavid:,2
#worldbookday,2
"minister,",2
@ons,2
presidents,2
expression,2
@borisjohnson:,2
job.,2
#twibbon:,2
watching,2
adding,2
merry,2
cyprus,2
providing,2
deals,2
appalled,2
sir,2
police,2
christmas.,2
organ,2
donation,2
win,2
'bloody,2
secures,2
principles,2
stay,2
https://t.co/ktrkkt1wvv,2
https://t.co/9qieigvhxs,2
five,2
overcome,2
achievement,2
guests,2
others,2
nato,2
#euco.,2
gareth,2
cruelty,2
journey,2
we'll,2
flying,2
@uklabour,2
deep,2
#nato,2
belgium.,2
major,2
tonight.,2
@england!,2
"forces,",2
southgate,2
remarkable,2
celebrated,2
sacrifices,2
"night,",2
balkans,2
swapped,2
shirts,2
professionalism,2
game,2
2019.,2
common,2
@poppylegion,2
respected,2
@philiphammonduk:,2
#lestweforget,2
cities,2
freedom,2
missions,2
@jodrellbank,2
r‚Ä¶,2
#harlow,2
rail,2
@‚Ä¶,2
ambulance,2
"nurses,",2
promise,2
salisbury,2
rising,2
prayers,2
"work,",2
#wdd2017,2
achievements,2
gold,2
good.,2
aren‚Äôt,2
states,2
bravely,2
outstanding,2
enjoy,2
peace,2
generation.,2
#theresamay,2
defining,2
cancer,2
ribbon,2
aisles,2
prevent,2
vile,2
plastic-free,2
introduce,2
attempts,2
hate,2
supermarkets,2
science,2
ordinary,2
urgent,2
forefront,2
"@10downingstreet,",2
partnership,2
jerusalem,2
experienced,2
capital,2
helped,2
everybody,2
remembrance,2
"police,",2
#wdd,2
place.,2
govern,2
ww2,2
"2010,",2
.,2
@jamescleverly:,2
out.,2
ago,2
"everyone,",2
recent,2
palace,2
embassy,2
"uk,",2
people‚Äôs,2
me.,2
labour‚Äôs,2
üë©‚Äç‚öïÔ∏è,2
https://t.co/6sgcv5g4sw,2
diversity,2
5,2
weekend.,2
high.,2
elephants,2
serving,2
courage,2
we'd,2
friend,2
@andrealeadsom,2
treatment,2
student,2
expand,2
closer,2
flourish.,2
immensely,2
iconic,2
https://t.co/0vogyqmyra,2
joins,2
sussex,2
kept,2
hospitals,2
#ukfrsummit,2
minister:,2
throughout,2
items,2
‚Äúentente,2
ambitious,2
religious,2
@greghands:,2
east,2
60%,2
joining,2
wedding,2
markle,2
meghan,2
dignity,2
199,2
income,2
garden,2
harry,2
event,2
1975.,2
won,2
ballot.,2
church,2
partner,2
pm's,2
strategy.,2
welcoming,2
celebration,2
eu:,2
@scrabbmp:,2
#standrewsday,2
"you,",2
defeating,2
"@theresamay2016,",2
shortly,2
sector,2
love.,2
hospice,2
kind,2
front,2
attack:,2
"grit,",2
@nus_ghani:,2
"week,",2
shape,2
measures,2
@gove2016,2
sorry,2
hearing,2
manufacturing,2
backbone,2
unveiled,2
happened,2
reckless,2
"""a",2
@patel4witham:,2
berlin,2
fees,2
yesterday.,2
@patel4witham,2
hiv.,2
attends,2
citizens.,2
@halfon4harlowmp:,2
2018.,2
"50,000",2
inspiration.,2
humour,2
outlined,2
least,2
"@justintrudeau,",2
@conhome,2
forgotten.,2
banning,2
"party,",2
confidence,2
tragedy,2
mean,2
hour,2
middle,2
interest,1
represented,1
"pound,",1
üë®‚Äçüíª,1
.@uklabour,1
roundtable:,1
¬£20‚Ä¶,1
#worlddiabetesday,1
2000,1
https://t.co/gexim9mrzc,1
@prideofbritain,1
https://t.co/iy3tirsbh3,1
devoted,1
visas,1
https://t.co/2yq022fkep,1
reception:,1
‚Äúour,1
"average,",1
walk,1
britain's,1
speaker,1
¬£50bn/yr,1
https://t.co/d11erins4o,1
@jdrf,1
recession,1
behaviour,1
anniversary.,1
sexual,1
üìù,1
pu‚Ä¶,1
pride.‚Äù,1
@techcityuk,1
https://t.co/7xfutq5xzc,1
¬£21m,1
#poppyapp‚Ä¶,1
news:,1
"debt,",1
¬£20m,1
unsung,1
wearing,1
unwanted,1
heroes,1
placing,1
üì±,1
"1,000",1
"seen,",1
sector:,1
strategy:,1
platinum,1
part‚Ä¶,1
"educators,",1
poppy,1
do‚Ä¶,1
side-by-side.,1
https://t.co/scqvnfbkeh,1
lay,1
links,1
@beataszydlo,1
https://t.co/e2cdgwgble,1
https://t.co/hzgxorscvw,1
https://t.co/bj7zra7bzy,1
optimism:,1
bumping,1
year:,1
https://t.co/j0wzule1pr,1
#remembrancesunday,1
attract,1
#g√∂teborg,1
wreath,1
https://t.co/xtjke3bidh,1
brightest,1
chat,1
https://t.co/cbmyati2r5,1
men.,1
requiring,1
large,1
gender,1
embrace,1
stated‚Ä¶,1
edgware,1
spreading,1
this:,1
https://t.co/yeq0ekczh3,1
stonegrove,1
morning:,1
https://t.co/ttqtpgflc0,1
bullying,1
ambitions.,1
tolerated,1
fulfilling,1
#t1d,1
powers,1
@barnetcouncil:,1
https://t.co/ahcjozebwq,1
#antibullyingweek,1
#diabetes,1
them‚Ä¶,1
"diabetes,",1
out:,1
shock.,1
estate,1
"#t1d,",1
https://t.co/ygsoc0olij,1
tomorrow:,1
#equalpayday,1
"talent,",1
impromptu,1
texas.,1
https://t.co/eosselsxwo,1
"#g√∂teborg,",1
sargeant,1
l√∂fven,1
curing,1
@swedishpm,1
death.,1
sutherland,1
https://t.co/fdlnccwokb,1
"springs,",1
@cchqpress:,1
https://t.co/12cvxvnnnr,1
ultimately,1
shooti‚Ä¶,1
exceptional,1
needs-,1
"sector,",1
encouraging,1
preventing,1
occasion:,1
"treating,",1
growth,1
quickly.,1
promot‚Ä¶,1
thrive,1
carl,1
approaching,1
date,1
exit,1
"11pm,",1
29th,1
be‚Ä¶,1
benefit,1
#interfaithweek,1
https://t.co/gkuz8nrouf,1
2019:,1
consumers,1
https://t.co/pzwdh4bevf,1
https://t.co/wylbpqtkbv,1
https://t.co/etql1xahnv,1
to:,1
https://t.co/w3kuuepfbd,1
harassment,1
"abuse,",1
@unitetheunion,1
@wireduk:,1
concerns.,1
https://t.co/ql1plfulu0,1
torbay's,1
@andy4wm.,1
iraq‚Äôs,1
andrew's,1
sonning,1
couldn't,1
resist,1
buying,1
honey,1
charity.,1
https://t.co/laj7yyxt43,1
@coventry2021,1
named,1
culture.,1
specta‚Ä¶,1
longer,1
ne‚Ä¶,1
territory:,1
https://t.co/nx16l5wkza,1
luke's,1
star,1
tree.,1
https://t.co/tyhehszdwx,1
achieve,1
#brexitdeal,1
https://t.co/8ch3zzu29b,1
#roadtobrexit‚Ä¶,1
"@alexanderdevine,",1
charities.,1
snow,1
stage,1
transforming,1
https://t.co/ja2f‚Ä¶,1
law:,1
https://t.co/zvk4jwyws6,1
max‚Äôs,1
"consultation,",1
gift,1
https://t.co/7oornxmtg4,1
https://t.co/mnmzgzqm60,1
paddington,1
bear,1
dropped,1
children's,1
party!,1
mitigating,1
https://t.co/8rkhd07kmi,1
effects,1
faces.,1
#paris,1
#oneplanetsummit:,1
https://t.co/mfoppawop9,1
#oneplanet,1
friday's,1
"leave,",1
bogged,1
tortuous,1
"remain,",1
crash,1
17th,1
december,1
mic,1
.@jeremycorbyn,1
https://t.co/lk48pdxb81,1
disagree,1
israeli,1
befo‚Ä¶,1
outperforming,1
countr‚Ä¶,1
@juhasipila,1
finland,1
independence.,1
#finland100,1
#suomi100,1
https://t.co/nygdypsriy,1
caught,1
fundraiser,1
misleading,1
yet,1
apologise,1
them?,1
https://t.co/2r8qqajeys,1
@marianorajoy.,1
certainly,1
https://t.co/aacxlrrzux,1
https://t.co/7b9uhgkhni,1
phonics,1
revolution,1
dramatically,1
them!,1
https://t.co/wahsxaxea8,1
https://t.co/kyzh4sgvn8,1
interests:,1
@boatmanwindsor.,1
can.,1
https://t.co/iv40vuihu8,1
https://t.co/yksikqzdzy,1
commitments,1
https://t.co/bgwa0cedqu,1
https://t.co/lvamo2kec8,1
@alzheimerssoc,1
users,1
carers.,1
"#dementiafriend,",1
aiming,1
kindness,1
understanding,1
dementia.,1
https://t.co/qoo52ullbl,1
consistently,1
implement,1
https://t.co/9eimzvcazs,1
border,1
"housing,",1
https://t.co/h4qtxdwnfv,1
prospect,1
phase,1
"security,",1
reflected,1
sentience,1
sentence,1
.@vickyford,1
conversation,1
"@eucopresident,",1
stressed,1
phases,1
https://t.co/0wjkvidh9g,1
"borders,",1
https://t.co/gzrpaf4syz,1
@junckereu,1
@donaldtusk.,1
forging,1
partnership.,1
https://t.co/psaatia17n,1
"@kidsinspire,",1
@amotherwithout,1
chelmsford,1
disadvantaged,1
around.,1
can:,1
https://t.co/pn5gbfgsqe,1
https://t.co/fejedksgdn,1
months,1
happened.,1
survived,1
lessons,1
happens,1
@jeremy_hunt:,1
https://t.co/a01nfoshes,1
#strictlyfinal,1
@thedebbiemcgee!,1
constituent,1
https://t.co/xbudzfn8ko,1
pollute,1
vitally,1
https://t.co/ojoe6mupzj,1
done.,1
demonstrating,1
perseverance,1
sides.,1
https://t.co/3sxzfvirxo,1
@royalmail,1
delivery,1
above,1
"letter,",1
"parcel,",1
https://t.co/2absirqnb7,1
derailed:,1
https://t.co/ogqllozlwg,1
politics.,1
treated,1
"tolerance,",1
respect.,1
#strictly,1
stars,1
"@mrjoemcfadden,",1
commiserations,1
thinking,1
william,1
secretary-genera‚Ä¶,1
jewish,1
mess‚Ä¶,1
humanity.,1
apply,1
pressure,1
incentivise,1
cli‚Ä¶,1
@beisgovuk:,1
#one‚Ä¶,1
#ai,1
readiness,1
https://t.co/g39olixotb,1
#hanukkah,1
#hanukkahsameach,1
died.,1
https://t.co/degjpy3tef,1
#oneplanetsummitŸê:,1
https://t.co/0ofjpw0qgu,1
https://t.co/tx8i6ziztb,1
@fsb_tcfd's,1
recommendations,1
understand,1
fighting,1
secretary-general,1
stoltenberg,1
true,1
alliance.,1
pm‚Äôs,1
lit,1
(menorah),1
chanukiah,1
no-one,1
agony,1
losing‚Ä¶,1
https://t.co/xjw4b7rijn,1
productivity.,1
pai‚Ä¶,1
standards.,1
https://t.co/9qmgxgr03q,1
did,1
charge.,1
voted‚Ä¶,1
value,1
@theresa_may:,1
we‚Ä¶,1
https://t.co/ioihmmkpqy,1
49,1
its‚Ä¶,1
released,1
42-year-low,1
https://t.co/biuzd0c2vs,1
pleasures,1
first-hand,1
recognition,1
it:,1
https://t.co/5alerk44c4,1
improved,1
curriculum,1
reforms,1
consecutive,1
am...making,1
¬£2.8bn,1
"""...an",1
¬£10bn‚Ä¶over,1
[nhs's],1
transformation,1
plans‚Äù‚Ä¶,1
cancel,1
petrol,1
diesel,1
scheduled,1
eighth,1
car,1
spirits,1
driver,1
¬£850,1
20‚Ä¶,1
allowance,1
"¬£11,850.",1
typical,1
taxpayer,1
"¬£1,075",1
compared,1
2010‚Ä¶,1
chancellor:‚Ä¶duties,1
"ciders,",1
#budget2‚Ä¶,1
aggressive,1
evasion,1
https://t.co/nkfwnsw9kp,1
effect,1
buyer,1
purchases,1
"¬£300,000,",1
#budget‚Ä¶,1
builders,1
sme,1
housebuilders,1
https://t.co/wesh8fx7qr,1
‚Äúover,1
¬£44bn,1
"funding,",1
loans,1
guarantees,1
ma‚Ä¶,1
pressures,1
¬£2.8,1
2019‚Ä¶,1
decade,1
supply,1
sin‚Ä¶,1
¬£44,1
"wage,",1
paid,1
grou‚Ä¶,1
"wines,",1
beer,1
https://t.co/ty9yaephgo,1
@eef_insights,1
https://t.‚Ä¶,1
autumn,1
https://t.co/9hna6m5hap,1
https://t.co/7horgzivpw,1
resignation,1
robert,1
mugabe,1
zimbabwe,1
oppression,1
rule:,1
https://t.co/ldsi2xuwei,1
apprentices,1
#industrialstrategy,1
https://t.co/pipijhlhwd,1
propel,1
industries,1
https://t.co/vj6hvkffdi,1
@nakufoaddo,1
ghana‚Äôs,1
60th,1
independence:,1
https://t.co/c6xsyda0r0,1
connections,1
hig‚Ä¶,1
can‚Ä¶,1
¬£1.7bn,1
before‚Äù,1
grow‚Ä¶continues,1
continues,1
report,1
‚Äúfrom,1
[the,1
wage],1
4.4%,1
¬£7.50,1
¬£7.83‚Äù,1
https://t.co/7g1qjshpru,1
"""...partnership,",1
@cbitweets,1
@the_tuc,1
strategic,1
direction,1
retraining,1
scheme‚Äù,1
#bu‚Ä¶,1
"¬£7.83,",1
"¬£2,000",1
introdu‚Ä¶,1
plastics,1
damage,1
#budge‚Ä¶,1
trillion,1
pounds,1
"victorians,",1
#budget201‚Ä¶,1
"so,",1
build.,1
https://t.co/3qrvaeaxln,1
"on,",1
switching,1
lights,1
https://t.co/bxfnyoxc3r,1
30th,1
"#worldaidsday,",1
https://t.co/oxkpvisydi,1
"business,",1
"immigration,",1
kee‚Ä¶,1
region,1
stability,1
depend,1
way:,1
wards,1
https://t.co/2gxjb2dsbh,1
https://t.co/f6j23ykgpu,1
"scots,",1
https://t.co/cyoynxcyk4,1
fall,1
"mosul,",1
congratula‚Ä¶,1
militarily,1
countering,1
dispersal,1
fighters,1
https://t.co/wciefkfrjj,1
no10,1
installed,1
#christmas,1
https://t.co/njilzy3k38,1
https://t.co/cfqvautpwd,1
.@justinegreening:,1
"rise,",1
narrowing,1
gap,1
outcomes,1
disadvantag‚Ä¶,1
.@jeremy_hunt,1
¬£300,1
u17s,1
tre‚Ä¶,1
twyford,1
#smallbizsatuk.,1
https://t.co/vsnkd7skfr,1
#smallbizsatuk,1
https://t.co/v9q‚Ä¶,1
abolition,1
"slavery,",1
reaffirm,1
#modernslavery,1
2030.,1
https://t.co/wsy9hs23y8,1
@england_rl,1
#rlwc2017¬†,1
#bringithome!,1
doctors,1
https://t.co/wo7r1fmmqy,1
well-paid,1
sickening,1
#faithwm,1
https://t.co/3vd8amjwir,1
hrh,1
upon,1
engagement.,1
love,1
"myself,",1
https://t.co/sfx76x98bw,1
german,1
sidelines,1
#eapsummit,1
https://t.co/eiigx43jfq,1
sinai.,1
workless,1
#egypt,1
reignite,1
dream,1
ownership,1
https://t.co/ufv3klegys,1
wishing,1
@englandcricket,1
#ashes2017,1
series,1
english,1
victory!,1
optimistic,1
midlands,1
healthier,1
"happier,",1
called,1
fell,1
"49,000.",1
¬£70,1
package,1
recovery,1
reconstruction,1
"recent,",1
https://t.co/pwsjymeuoe,1
#buildbackbetter,1
https://t.co/ejgiurbabb,1
maria,1
destruction.,1
#b‚Ä¶,1
@dhgovuk:,1
stillbirths,1
maternal,1
deaths,1
2025,1
@drugfam,1
affected‚Ä¶,1
high-skilled,1
better-paid,1
living‚Ä¶,1
source,1
vitality,1
https://t.co/oplltr5gks,1
bills:,1
winning,1
"thought,",1
150k,1
voters),1
eye-ball‚Ä¶,1
@liamfoxmp,1
https://t.co/vfnbkkfbtu,1
@michelledonelan:,1
results,1
chippenham,1
survey,1
favourite,1
https://t.co/1‚Ä¶,1
@joelrcharles:,1
@harlowtories,1
overwhelmingly,1
@skynewstonight:,1
#liamfox,1
#skynewstonight,1
https://t.co/6nhyjtsh2h,1
@garethbaconam:,1
required.,1
@theresamay201‚Ä¶,1
"bold,",1
@sajidjavid,1
https://t.co/x69oswpatu,1
pensions,1
@scrabbmp,1
https://t.co/ngb2r6cqr6,1
@ajaburnett:,1
@tinastowell:,1
(as,1
@mike_fabricant:,1
door,1
https://t.co/jac3hp34n4,1
referendum‚Äô,1
qualifications,1
minister‚Äô,1
sunday,1
https://t.co/tfznnrxdsq,1
@metcalfe_sbet:,1
#euref,1
steer,1
uncertainty,1
need¬†http‚Ä¶,1
#twibbon,1
clicking,1
may‚Äôs,1
factor‚Äô,1
endorses,1
https://t.co/v9tb5qem8y,1
"'better,",1
future',1
https://t.co/gqj09sq6ox,1
via,1
@telegra‚Ä¶,1
@seananstee:,1
"@telegraph,",1
argued,1
choice.,1
/,1
"yesterday,",1
"pledge,",1
invite,1
impartial,1
til,1
"now,",1
so.,1
@edvaizey:,1
togeth‚Ä¶,1
architect,1
reform,1
security.,1
@chriswhite_mp:,1
leadership!,1
@justinegreening:,1
mps.,1
*whole*,1
https://t.co/kh9yzf85np,1
@robertjenrick:,1
wholeheartedly,1
hop‚Ä¶,1
@nickgibbmp:,1
"judgement,",1
character,1
leadership‚Ä¶,1
@nickymorgan01:,1
v.disappointed,1
@gove2016.,1
has‚Ä¶,1
@annietrev:,1
"results:may(199),",1
"leadsom(84),gove(46).",1
ladies,1
membership!,1
#toughbird‚Ä¶,1
(4/4),1
https://t.co/nguxcfi6sr,1
it'‚Ä¶,1
party.,1
think,1
next‚Ä¶,1
verdict,1
@paulgoodmanch,1
"""theresa",1
"minister""",1
https://t.co/tnnb4y‚Ä¶,1
@jasonmccartney:,1
safety,1
https://t.co/e1yj2dk2ve,1
delivery.,1
https://t.co/czds8riypr,1
@jamiegreeneuk:,1
decided,1
view,1
mp's,1
placed,1
https://t.co/j3rlezoogy,1
@ruthdavidsonmsp:,1
@nickalston_cm1:,1
vote.,1
"values,",1
competen‚Ä¶,1
@jamesdaviesmp:,1
formidable,1
roles,1
govt,1
@the‚Ä¶,1
@andrew4pendle:,1
2nd,1
rejoin,1
#poppyappeal,1
https://t.co/yfdlsyldsr,1
mubarak.,1
eid.,1
https://t.co/khpwvr3p0e,1
meritocracy:,1
https://t.co/bzirdtc7vn,1
https://t.co/efijrnrzg1,1
@paralympicsgb,1
cheer,1
glory,1
rio,1
https://t.co/cwoagf6znn,1
https://t.co/btcumq8vfi,1
summer‚Äôs,1
olympic,1
rio.,1
https://t.co/zasnpu4qq1,1
slavery:,1
https://t.co/qeen6cyyhy,1
https://t.co/jrydkqwjg0,1
horrifying,1
night.,1
hearts,1
french,1
people:,1
https://t.co/xd0arco72r,1
https://t.co/4pevp4ga9h,1
rob,1
"semple,",1
"convention,",1
"muslims,",1
well:,1
inside,1
things.,1
#diwali,1
bandi,1
chhor,1
diwas.,1
https://t.co/n7il7tys6u,1
https://t.co/slicydzxcu,1
https://t.co/uuuh4cirby,1
https://t.co/opgl1fe2no,1
unnecessary,1
delays,1
invoking,1
https://t.co/xsmfzhigtn,1
#article50,1
triggered,1
2017.,1
https://t.co/0mpaol5nqt,1
@marrshow,1
"out,",1
bude,1
bute:,1
"side,",1
https://t.co/kba4fmqleh,1
governments,1
institutions...remain,1
responsive,1
serve.,1
https://t.co/o9za4iww6a,1
david,1
cameron‚Äôs,1
https://t.co/rtefcuzu0j,1
"'together,",1
britain',1
chosen,1
https://t.co/msvzcrtosq,1
‚Äúthere,1
gaping,1
chasm,1
wealthy,1
rest,1
country.‚Äù,1
‚Äúbrexit,1
it.‚Äù,1
now:,1
https://t.co/x5qtl2hnhr,1
seven,1
write,1
https://t.co/sm4la3lm3j,1
@montie:,1
affirmation,1
happen,1
pmship,1
@thesun,1
https://t.co/bx0bw62x4x,1
@andy_murray,1
@lewishamilton,1
victories,1
#wimbledon,1
#britishgp,1
‚Äòwe,1
firms,1
globe‚Äô:,1
‚Äôthere,1
eu‚Äù,1
economy.‚Äù,1
productivity,1
communities‚Äù,1
leader:,1
https://t.co/miuiqrvsom,1
world.‚Äù,1
https://t.co/qetjxjxbo4,1
moments,1
understood,1
done.‚Äù,1
tm:‚Äúthis,1
different,1
conservatism,1
consistent,1
principles.,1
don‚Äôt,1
‚Äúas,1
"prosperity,",1
individual,1
corporate,1
evasion.‚Äù,1
doesn‚Äôt,1
whether,1
you‚Äôre,1
"amazon,",1
google,1
"starbucks,",1
responsibility,1
taxes.‚Äù,1
‚Äúif,1
overall,1
(3/4),1
proper,1
case,1
@r‚Ä¶,1
you!,1
watch:,1
theresa‚Äôs,1
stresses,1
https://t.co/8metbd6jbh,1
@ottolenghi:,1
thumbs,1
thought..,1
https://t.co/j5hcpbh5qq,1
https://t.co/zlcqv9dimw,1
@spencerpitfield:,1
measured,1
thoughtful,1
responses,1
@pestononsunday:,1
'one,1
"member,",1
vote',1
https://t.co/t‚Ä¶,1
https://t.co/z1ip4bxhs7,1
https://t.co/digkvzmqhw,1
@jbrokenshire:,1
underlining,1
@davidwooding:,1
pm?,1
damn,1
"is,",1
writes,1
penning.,1
https://t.co/0vogyq4x2a,1
cf,1
(2/4),1
@stpeterthegreat,1
@phammondmp:,1
@essexcanning:,1
overwhelming,1
@halfon4harlowmp's,1
#conservative,1
association,1
remainers‚Ä¶,1
@theresecoffey:,1
unify,1
proceed,1
carefully,1
deal‚Ä¶,1
@damiancollins:,1
https://t.co/qzqsbv3quq,1
@tracey_crouch:,1
navigate,1
choppy,1
waters,1
lif‚Ä¶,1
sean,1
https://t.co/jtx9bobkmx,1
https://t.co/otqelpuo0l,1
@huddlestonnigel:,1
unity,1
@walkerworcester:,1
s.,1
worcs,1
@hbaldwinmp,1
@huddlestonnigel,1
https://t.co/dyg‚Ä¶,1
@peston,1
demonstrates,1
awa‚Ä¶,1
https://t.co/daksb7rjuv,1
allan,1
https://t.co/zshx90ycoj,1
someone,1
substance,1
times.,1
@nsoamesmp:,1
t,1
"leadership,willpower",1
grasp,1
detail.definitely,1
player,1
#bonnechance,1
@bbcradio4,1
#wato,1
nadhim,1
zahawi,1
https://t.co/w7f2ja79bd,1
daily,1
mail:,1
"""only",1
mrs,1
"qualities,",1
stature,1
"country""",1
https://t.co/h74dur1ini,1
https://t.co/1qli3b2tve,1
everyone:,1
https://t.co/tqttz0hliz,1
union.,1
@davidmundelldct:,1
https://t.co/tdrus9kqni,1
competence,1
ge,1
can't,1
now.,1
immigration,1
agenda,1
say.,1
elex,1
itv,1
@rehman_chishti:,1
prov‚Ä¶,1
@nicolablackwood:,1
.@theresamay2016,1
times:,1
compassion,1
name:,1
equal,1
measure,1
@alecshelbrooke:,1
im,1
#mpsupermarketsurgery,1
#rothwell,1
morrison's.,1
lots,1
saying,1
prim‚Ä¶,1
@stuartandrew:,1
leader.,1
may's,1
kno...,1
@guyopperman:,1
https://t.co/acyivdwcte,1
"""outstandingly",1
https://t.co/z2d3pryzhv,1
@jamescleverly,1
https://t.co/kuoqax8ouo,1
'theresa,1
nails,1
minister.',1
https://t.co/jh3y1pnhad,1
couple,1
is‚Ä¶,1
"thanks,",1
max!,1
https://t.co/ytj6jxemqc,1
@jgforsyth:,1
wins,1
cheers,1
tells,1
'22,1
jean,1
claude,1
juncker,1
discover,1
@crispinbluntmp:,1
https://t.co/r1uort3hdz,1
@brandonlewis,1
https://t.co/gy00asfspr,1
name,1
round,1
@t‚Ä¶,1
hands,1
https://t.co/6ytpvdrflk,1
@ericpickles,1
no-nonsense,1
@hbaldwinmp:,1
party:,1
(1/4),1
@olivercolvile:,1
need‚Ä¶,1
judgment,1
@kevin_j_foster:,1
https://t.co/ixkj3gq4nn,1
@kitmalthouse:,1
purpose,1
firm,1
https://t.co/zz5wpt8gm5,1
steely,1
"determination,",1
"""bloody",1
"tough,",1
"woman""",1
@cskidmoremp:,1
ballot,1
principled,1
@jsheappey:,1
somerset,1
tactical,1
woma‚Ä¶,1
@lgbtoryuk:,1
https://t.co/rnqaq4bmj2.,1
chl,1
https://t.co/nugjx4zdao,1
@johnhowellmp:,1
#conservativeleadersh‚Ä¶,1
"qualified""",1
agree:,1
https://t.co/nahzdmjsnc,1
https://t.co/mylqhwds6u,1
@janeellison:,1
"respected,",1
penning,1
"""steadfast",1
"tough""",1
https://t.co/bu5dkahxc6,1
"character,",1
ability,1
situations,1
relate,1
"backgrounds,",1
why‚Ä¶,1
.@justinegreening,1
https://t.co/mmsdrnh1ok,1
https://t.co/er67wgmsdz,1
https://t.co/ioc‚Ä¶,1
@davidmundelldct,1
scotland's,1
https://t.co/qpeyhf0ma2,1
@ericpickles:,1
safer,1
"sensible,",1
trustworthy,1
totally,1
@trussliz,1
@sayeedawarsi,1
@victorialive,1
https://t.co/gv1o0oze3o,1
recess,1
deterrent,1
nuclear,1
2‚Ä¶,1
@anna_soubry,1
https://t.co/e52rcryksp,1
https://t.co/k‚Ä¶,1
@stevebarclaymp:,1
@grahamstuart:,1
voting‚Ä¶,1
casting,1
time‚Ä¶,1
steeliness,1
calm,1
sense,1
@there‚Ä¶,1
reliable,1
priority:,1
question.,1
https://t.co/q5pdutskbc,1
steadfast,1
piece,1
@nickhurdmp:,1
choosing,1
@samgyimah:,1
grown,1
https://t.co/fyj89vwdyf,1
@speccoffeehouse:,1
@robwilson_rdg:,1
https://t.co/84kivmkfmf,1
https://t.co/noglr1giak,1
@jojohnsonmp:,1
https://t.co/iumebf2kz3,1
does,1
#u17worldcupfinal.,1
police.,1
officers,1
acted,1
quickly,1
night...,1
1/2,1
treasure.,1
"others,",1
bruce,1
"dance,",1
"sing,",1
joke,1
laugh.,1
sorely,1
missed,1
#barcelona,1
https://t.co/ncoij7hejv,1
passchendaele,1
https://t.co/dfob2tpfoq,1
sport.,1
congrats,1
women's,1
cricket,1
chris,1
froome.,1
top,1
forward:,1
3m,1
"30m,",1
deficit,1
2/2,1
...demonstrating,1
*coughs*,1
https://t.co/whhds0gjmc,1
bills.,1
https://t.co/zxoj0exlba,1
¬£2,1
https://t.co/2k7wmxgnim,1
https://t.co/rq8c3o0jax,1
https://t.co/vop8hrgoag,1
responding,1
las,1
vegas.,1
"‚Äúand,",1
younger,1
"home,",1
¬£10bn‚Äù.,1
3/3,1
"finance,",1
freeze,1
tuition,1
amount,1
back.‚Äù2/3,1
mission‚Äù1/3,1
hurricane,1
https://t.co/wvbtoei3x0,1
few.,1
https://t.co/47el60sgog,1
expecting,1
korea:,1
https://t.co/s6b8rcnvsi,1
japan,1
deeper,1
thirds.,1
https://t.co/6vuy1q0xlp,1
al-fitr.,1
https://t.co/b8eoj6agxn,1
nottingham,1
bring.,1
grow.,1
https://t.co/8tbq2owz9w,1
https://t.co/cvjnx5yjjz,1
atherley,1
bowling,1
club,1
southampton,1
count,1
stop:,1
norwich.,1
https://t.co/4iba888fmb,1
day's,1
"campaigning,",1
traders,1
smithfield,1
market.,1
businesses.,1
https://t.co/sn9a6cins3,1
extremism,1
"terrorism,",1
https://t.co/8efujyudmk,1
https://t.co/ki2udluo9n,1
comes,1
islamist,1
extremism.,1
4,1
change:,1
dunelm,1
https://t.co/g1fii4e3ya,1
supporters,1
ordering,1
https://t.co/u19do3ccec,1
"diverse,",1
"welcoming,",1
vibrant,1
compassionate.,1
define,1
prevail.,1
https://t.co/z5ud0owyqd,1
confirm,1
assist,1
fire:,1
https://t.co/1ubouv9zii,1
answers,1
inquiry,1
https://t.co/umlhonax0d,1
disaster.,1
https://t.co/xtsh58zyqx,1
counts.,1
https://t.co/drt7sv0ebs,1
polling,1
station,1
10pm,1
https://t.co/c76yiq76k7,1
catch,1
locally.,1
#voteconservative,1
https://t.co/jpo6td3ort,1
lie,1
https://t.co/1b6cow5mrz,1
https://t.co/5et16j0awe,1
https://t.co/7w2feuodue,1
updating,1
@abeshinzo,1
https://t.co/9ehq8llaae,1
"cheaper,",1
stressful,1
https://t.co/xdrymfgmz9,1
outcome,1
https://t.co/26fftyi6jk,1
@willquince,1
@sandbach,1
@victoriaprentis,1
@kevinhollinrake,1
parental,1
bereavement,1
cup,1
coffee,1
@billclinton,1
ireland.,1
https://t.co/nfqxvzi9zo,1
#pinknewsawards.,1
https://t.co/bglrbdpdsl,1
sustained,1
injustices.,1
#blackhistorymonth,1
wil‚Ä¶,1
"""putting",1
"first"".",1
https://t.co/lz3ayaktow,1
preparing,1
bright,1
https://t.co/5et1jsmce5,1
https://t.co/jqkbsouxfq,1
#macmillancoffeemorning,1
dedication.,1
#younglions,1
stevenson,1
farmer,1
review:,1
‚Äúwe'll,1
"there,",1
"too.""#thr‚Ä¶",1
yesterday's,1
https://t.co/tebuhnolm4,1
https://t.co/zlzaahnzgy,1
problem,1
losing,1
"unsustainable,",1
unjust,1
asian,1
women.,1
https://t.co/cbfhimbbqk,1
wreck,1
pound,1
https://t.co/ml‚Ä¶,1
reaction,1
morning's,1
#gdp,1
figures.,1
https://t.co/o7iuepig9o,1
@craigaharman,1
@ldn_ambulance,1
"staff,",1
"bravery,",1
post-brexit,1
https://t.co/gvb4t9xgfb,1
canary,1
girls,1
rather,1
forgot.,1
https://t.co/3fm0guikv1,1
#wmhd17,1
briefed,1
trained,1
@lbc:,1
publishes,1
race,1
"audit,",1
@iaindale,1
5pm,1
calls,1
lbc.,1
world-leading,1
project,1
ethnicity,1
injustice.,1
https://t.co/apxiwdcivn,1
@dunraven_school,1
@dunraven_school.,1
doorstep,1
https://t.co/auywxawsao,1
responders,1
incident,1
public.,1
poaching,1
shames,1
https://t.co/n8rtewhvtu,1
https://t.co/4k7kfmwtam,1
earners,1
fastest,1
free.,1
afternoon.,1
https://t.co/ykowpwtfos,1
@bbctms,1
personalised,1
tupperware.,1
walking,1
time!,1
https://t.co/fkz1vlxzss,1
living:,1
https://t.co/3sa4ydi7ms,1
https://t.co/cztao8xrjp,1
slavery,1
stopped,1
issue,1
.@conservatives,1
#antislaveryday,1
https://t.co/fr4wfk1x0r,1
emmanuel,1
trump's,1
us‚Äô,1
waiting,1
transplants,1
organs,1
available.,1
https://t.co/xgdjj16dbm,1
@royallpoolhosps,1
humbled,1
https://t.co/3ixzkah7wv,1
https://t.co/e7bgtyxq2u,1
dishforth,1
yorkshire.,1
galvanizers,1
brackla,1
"centre,",1
"bridgend,",1
https://t.co/rmv6guze14,1
george‚Äôs,1
asking,1
https://t.co/1phbpn0vie,1
https://t.co/8jhvoaclur,1
easter:,1
https://t.co/atwtkgdal2,1
abroad,1
https://t.co/1l9ddafkmw,1
choose,1
optimism,1
hope.,1
https://t.co/qfgplzkz7t,1
voices,1
drive,1
apart,1
https://t.co/3745qxgpcf,1
begin,1
europe,1
https://t.co/zm69azlhpa,1
capacity,1
https://t.co/c0tjyoc8la,1
snp,1
though,1
game.,1
neglected.,1
https://t.co/is4bgklgrm,1
newport,1
https://t.co/mtg0f7b0b3,1
https://t.co/6ntohqhetl,1
elections.,1
https://t.co/0u2vx7fqjn,1
"success,",1
https://t.co/bbcckcchd4,1
street:,1
https://t.co/ndwhebnuxx,1
family‚Äôs,1
risk.,1
https://t.co/lorhzuyrtj,1
explain,1
interest.,1
https://t.co/cyma4br5qc,1
https://t.co/2ryp0qfgzj,1
https://t.co/gucsyrdptj,1
"#marr,",1
explained,1
https://t.co/x0ikdbowfc,1
@ruthdavidsonmsp.,1
https://t.co/2ysif3diqn,1
talked,1
iko,1
polymeric,1
derbyshire,1
strong.,1
https://t.co/j2xvgkp8td,1
families.,1
share.,1
https://t.co/snst2jnvro,1
interest-building,1
#scc17,1
https://t.co/wuf0dpwcf7,1
thrilled,1
harrison,1
https://t.co/c5rholvt0h,1
joy,1
season,1
celebration:,1
https://t.co/upjnxmajsw,1
"happy,",1
sameach!,1
vivid,1
images,1
ankara,1
mourn,1
#worldaidsday,1
https://t.co/wbfnjy4kvx,1
borrow,1
"billion,",1
hurting,1
https://t.co/dqd4zzt0it,1
scotland‚Äôs,1
https://t.co/kp3dsnfqws,1
attractive,1
invest.‚Äù,1
https://t.co/s9nnwrrsvi,1
https://t.co/xcyjufi1ol,1
"""by",1
"effort,",1
"everyone.""",1
https://t.co/uwbayvilyg,1
states.,1
statement:,1
"peaceful,",1
gurpurab.,1
blessed,1
emerge,1
voice,1
copeland.,1
https://t.co/ciheas9xqo,1
harrison:,1
copeland‚Äôs,1
1935!,1
https://t.co/nvkkevk5lw,1
"opportunity,",1
indeed,1
"responsibility,",1
renew,1
age.,1
https://t.co/vvomatpyvz,1
outward-looking,1
sikhs,1
https://t.co/wdr48wlzbf,1
problems.,1
https://t.co/xk421sohcf,1
embracing,1
wide-ranging,1
reform.,1
https://t.co/plcsfxylin,1
350th,1
guru,1
gobind,1
singh's,1
"birth,",1
i'd,1
https://t.co/dkam9wgnt0,1
deal:,1
elections,1
"table,",1
strength-with,1
https://t.co/z54hzsowwt,1
allow,1
tall,1
more:,1
https://t.co/pyawxydyin,1
https://t.co/hvrz4659d9,1
"june,",1
appoint,1
"commissioner,",1
survivors.,1
https://t.co/kpaajoryre,1
congregation,1
"@jesushouseuk,",1
lively,1
churches,1
https://t.co/h8gpu59a7s,1
https://t.co/ai7kgy7j6q,1
election.,1
decide,1
negotiates,1
https://t.co/peyujsk4z1,1
https://t.co/vmtwabbncl,1
https://t.co/efujbtasfo,1
corbyn‚Äôs,1
fake,1
claims:,1
honest,1
system.,1
https://t.co/iamw48ivxs,1
"secure,",1
https://t.co/thsoich6ky,1
topics,1
https://t.co/8uysnnviep,1
are.,1
https://t.co/szq25idic7,1
enough.,1
night‚Äôs,1
brutal,1
https://t.co/mhq4spg0aq,1
led,1
cobr,1
soon,1
street.,1
https://t.co/xe7n6ugzmv,1
#bbcqt.,1
don,1
https://t.co/oigz791y2v,1
#bbcqt,1
https://t.co/uicuqbnkcz,1
https://t.co/ogmppuqkap,1
rally,1
derby,1
"tonight,",1
right.,1
https://t.co/bwyzloyxgs,1
https://t.co/bjgodypjtu,1
https://t.co/hiay00lbqv,1
https://t.co/tejwteytxx,1
confident,1
https://t.co/0gg327h0w4,1
https://t.co/dxcxkbba1p,1
https://t.co/vhde6dfslh,1
grateful,1
cake,1
hall,1
16th,1
directly,1
me:,1
https://t.co/wpik19jkeq,1
https://t.co/vn2zlvkrsc,1
https://t.co/tyl5wgjxqr,1
true.,1
learnt,1
1970s:,1
https://t.co/j8dmu6pcxo,1
mansfield,1
linney,1
group.,1
https://t.co/cc993agg5j,1
"leadership,",1
https://t.co/rq3hqwhdq9,1
barbican,1
candidates.,1
locally,1
https://t.co/bkstuqgahs,1
repeatedly,1
gas,1
electricity,1
https://t.co/li8lypmfss,1
https://t.co/gx8finfsh2,1
warmly,1
priorities.,1
https://t.co/anxmn1a6et,1
https://t.co/su7xn6izbu,1
leave.,1
workplace,1
https://t.co/dn29qupclk,1
stall,1
lions,1
fun,1
#greatgettogether,1
"cox,",1
sitting,1
europe:,1
https://t.co/owbfdseojh,1
manifesto:,1
https://t.co/flndpvrezd,1
https://t.co/hj5yzlbhxh,1
https://t.co/ldftzuwr2x,1
https://t.co/pr7e61b6za,1
clearer,1
ways,1
everyday:,1
https://t.co/syksrxyhsb,1
https://t.co/pqfpmwjbby,1
callers,1
dialled,1
in.,1
https://t.co/pipg39xs4p,1
art,1
nishkam,1
child.,1
https://t.co/bpvbkteyya,1
pixies,1
oxford,1
guarantee.,1
cred‚Ä¶,1
"legislation,",1
seconds,1
majority.,1
https://t.co/acapztsuu2,1
@ravigovindia1,1
@wandsworth,1
https://t.co/erekosslbs,1
@nickieaiken,1
@westminstertory,1
https://t.co/ky6fqy0k4f,1
@cllrcornelius,1
@barnettories,1
majority,1
barnet,1
successfully,1
retaking,1
council!,1
https://t.co/3fmfvfv98n,1
john,1
holdich,1
@pbconservatives,1
gaining,1
result!,1
https://t.co/qm1ayc62nn,1
@cllrdavidrenard,1
@toryswindon,1
https://t.co/tn7escs81o,1
tax.,1
https://t.co/s5haxix4ut,1
@hillingdon_tory,1
puddifoot,1
ray,1
https://t.co/61de3hia4i,1
village,1
maidenhead.,1
https://t.co/4iwlsgicjp,1
collecting,1
"streets,",1
parks,1
spaces.,1
#greatplasticpickup,1
https://t.co/ujjwibm52d,1
.@owenpaterson,1
@hopehousekids,1
morda,1
assent.,1
higher-paying,1
https://t.co/tsgtdkyea6,1
nuclear‚Ä¶,1
sheffield,1
"london,",1
projects,1
disadvan‚Ä¶,1
https://t.co/mz6qdeucf2,1
bird,1
largest,1
patrick,1
harley,1
recently,1
37,1
üëá,1
down.,1
fawcet‚Ä¶,1
https://t.co/a5yvph2cjv,1
news!,1
jen.,1
https://t.co/siyyew66x7,1
runs,1
councillors,1
https://t.co/uukzfxntdm,1
popped,1
spread,1
week‚Äôs,1
elections:,1
less.,1
https://t.co/bf28ywhspl,1
"lending,",1
confidential,1
hotline,1
0300,1
555,1
2222.,1
reminder,1
millicent's,1
"legacy,",1
footsteps.,1
https://t.co/g8fvld2h6b,1
"parliament,",1
none,1
"enjoy,",1
https://t.co/uai3bz9v‚Ä¶,1
@malatribich,1
survivor,1
terr‚Ä¶,1
"october,",1
findings,1
publis‚Ä¶,1
managing,1
"wisely,",1
their‚Ä¶,1
21,1
"ago,",1
banned,1
"development,",1
production,1
stockpiling,1
enfield,1
holocaust,1
keeps,1
3rd,1
https://t.co/askvunqq6z,1
.@eddiehughes4wn,1
@one_walsall,1
expertise,1
networking,1
"opportunities,",1
advice,1
finding,1
volunteers.,1
https://t.co/7fotelqy6a,1
https://t.co/zg5sbtqkwq,1
https://t.co/4kiulm0stb,1
square,1
proportion,1
"@w2wwales,",1
elect,1
wales.,1
@baronessjenkin,1
founded,1
@women2win,1
2005,1
benches.,1
https://t.co/tnxlfn9val,1
thrives,1
community.,1
@welshconserv,1
https://t.co/bxnqqtzerq,1
skopje,1
@zoran_zaev,1
ministers,1
https://t.co/vye40finaz,1
bulgaria,1
balkan,1
"leaders,",1
merkel.,1
values.,1
https://t.co/fpjuszipok,1
ramadan:,1
around‚Ä¶,1
invictus,1
london.,1
officially,1
https://t.co/xybse63dnw,1
#royalwedding2018¬†,1
‚Ä¶,1
combined,1
provided,1
"nhs,",1
"22,000",1
survive,1
diagnosis.,1
https://t.co/iml0u6f7tn,1
design,1
monday,1
#indust‚Ä¶,1
art‚Ä¶,1
unveils,1
parties,1
marshall,1
"events,",1
#royalwedding,1
attended,1
eu‚Äôs,1
pledging,1
al‚Ä¶,1
gravesham‚Äôs,1
@adamhollowaymp,1
"@ellenorcharity,",1
tricia,1
wilcocks,1
sue,1
https://t.co/edornpucir,1
"75.6%,",1
lifetime,1
records,1
‚Äúmes,1
pens√©es,1
vont,1
au,1
peuple,1
fran√ßais,1
suite,1
l‚Äôattentat,1
affreux,1
et,1
l√¢che,1
hier,1
soir,1
nous,1
restons,1
"unis,",1
d√©termi‚Ä¶,1
france,1
tog‚Ä¶,1
jowell,1
confronted,1
illness,1
humbling,1
inspirational.,1
sympathies,1
loving,1
tessa‚Äôs,1
https://t.co/owajd4xqzo,1
https://t.co/cfvyxoscrg,1
jowell.,1
https://t.co/ezf48raewd,1
began,1
1971.,1
there‚Äôs,1
"economy,",1
https://t.co/ooddj4aokw,1
@weareinvictus,1
horse,1
guards,1
parade.,1
they‚Äôll,1
games.,1
#ig2018,1
‚Äúat,1
form,1
10.59am,1
minute-long,1
broadcast,1
hundreds,1
radio,1
stations,1
ra‚Ä¶,1
"#mentalhealthawarenessweek,",1
"stigma,",1
healthy,1
https://t.co/4s9kgmixrh,1
confronting,1
fawcett.,1
https://t.co/bvmfhvaels,1
15,1
.@sajidjavid,1
"death,",1
legacy.,1
toughest,1
bans,1
sales,1
protecting,1
"environment,",1
https://t.co/ekord68wcy,1
defeat,1
fascism,1
"syria,",1
valour,1
https://t.co/sozjrxdufo,1
"""however",1
"#easter,",1
"time""",1
#eastersunda‚Ä¶,1
estimated,1
"4,350",1
die,1
grieving,1
fees‚Ä¶,1
pesach,1
chag,1
kasher,1
"v‚Äôsameach.""",1
#passover,1
inspired,1
racial,1
"jr,",1
https://t.co/l46qsddxda,1
affects,1
eight‚Ä¶,1
"""today,",1
reflect,1
agreement‚Ä¶by,1
sweden,1
stockholm,1
https://t.co/zqtnobcska,1
.@julialopezmp,1
@firststep1988,1
hornchurch,1
maximise,1
break.,1
king,1
savings,1
calculator.,1
üëâ,1
https://t.co/yhzrthya8b,1
https://t.co/kbj2faikze,1
unrealised.,1
#genderpaygap,1
https://t.co/t1lxcazzpa,1
https://t.co/f1zkixdxdp,1
dr,1
martin,1
luther,1
https://t.co/1m‚Ä¶,1
significantly,1
cancer‚Ä¶,1
halving,1
¬£10,1
https://t.co/oa0pa26aj8,1
consulting,1
#depositreturnscheme,1
bottles,1
polluting,1
land,1
seas.,1
https://t.co/nc9wfnlvec,1
spen‚Ä¶,1
week:,1
‚¨ÜÔ∏è,1
‚úÇÔ∏è,1
31,1
wi‚Ä¶,1
"""today's",1
strongest,1
sig‚Ä¶,1
lieut,1
col,1
arnaud,1
"beltrame,",1
gendarme,1
hostage,1
#‚Ä¶,1
"future,",1
tha‚Ä¶,1
"november,",1
approach,1
balanced,1
farmers,1
eliminating,1
2027,1
#tacklingroughsleep‚Ä¶,1
people‚Ä¶,1
finishing,1
polish,1
https://t.co/pr73nbwqno,1
@astonmartin,1
barry,1
roundtable,1
https://t.co/pxrhn64sh0,1
"ireland,",1
bangor,1
https://t.co/di3vfdwnxs,1
https://t.co/ezflz9ne0m,1
northumberland,1
parent,1
toddler,1
https://t.co/dqlzoauacd,1
kicking,1
textile,1
ayr,1
https://t.co/q2men2u44e,1
embarking,1
day-long,1
integrity,1
"cancer,",1
¬£75,1
feast,1
goal,1
@co‚Ä¶,1
fascinating,1
francis,1
crick,1
institute,1
@narendramodi,1
india,1
@thecrick,1
heard,1
exciting,1
undertaken,1
https://t.co/jx2neudfpt,1
cyber,1
"trudeau,",1
turnbull,1
"ardern,",1
pro‚Ä¶,1
@justintrudeau:,1
cou‚Ä¶,1
zealand‚Äôs,1
#chogm20,1
https://t.co/spsqzvdtj‚Ä¶,1
"#chogm2018,",1
https://t.co/dnx0cgiwcs,1
areas,1
https://t.co/fujaqpsctq,1
@malala.,1
"@sg_skygarden,",1
https://t.co/qdqbskkbxk,1
https://t.co/jrcsxcskyk,1
furniture,1
england's,1
"saint,",1
george's,1
celebrating.,1
https://t.co/tts0mf09mb,1
baby,1
boy.,1
@mikejwood,1
@discoverudy5,1
up.,1
produce,1
popular,1
decorations.,1
sake,1
https://t.co/sosp0fugge,1
singapore‚Äôs,1
@leehsienloong,1
bi‚Ä¶,1
https://t.co/rsx92‚Ä¶,1
hm,1
opened,1
buckingham,1
#chogm‚Ä¶,1
clogging,1
earth‚Äôs,1
harmful,1
agrees,1
members.,1
announcing,1
https://t.co/tbnfu9gejk,1
respo‚Ä¶,1
‚ö°Ô∏è,1
respond,1
üá¨üáßüá∫üá∏üá´üá∑,1
capability,1
deter,1
fu‚Ä¶,1
lesson,1
defend,1
https://t.co/6itv8uapio,1
üá∫üá∏¬†üá´üá∑,1
co-ordinated,1
targeted,1
strikes,1
ch‚Ä¶,1
https://t.co/esczca7kqo,1
https://t.co/mwchyprfb5,1
https://t.co/bbfyyowuio,1
https://t.co/qltefxmokt,1
#birmingham,1
alexander,1
stadium,1
world-class,1
venue,1
addenbrooke‚Äôs,1
hospital,1
prost‚Ä¶,1
regime,1
indicating,1
"intelligence,",1
commonwealth.,1
apologised,1
house,1
anxiety,1
@billgates,1
working‚Ä¶,1
syria,1
https://t.co/yjsmnflczq,1
which‚Ä¶,1
@commonwealth18's,1
https://t.co/0rahjou5ug,1
harry.,1
uphold,1
https://t.co/nmmc37cpe9,1
"information,",1
@commonwealth18:,1
#chogm2018.,1
what‚Äôs,1
matters,1
@commonwealthsec,1
@10downings‚Ä¶,1
@gc2018,1
"closes,",1
congratulates,1
performances,1
lo‚Ä¶,1
body,1
diagnose,1
technology‚Ä¶,1
workers',1
decider.‚Äù,1
#pride2018,1
"""an",1
us.‚Äù,1
#a‚Ä¶,1
"personnel,",1
"veterans,",1
llandudno.,1
#armedforcesday2018,1
https://t.co/9p8if8kwlh,1
#armedforcesday,1
"scott,",1
founder,1
scotty's,1
@corporalscot‚Ä¶,1
milton,1
keynes-based,1
@mksnap,1
@iainastewart.,1
physical,1
do!,1
https://t.co/vqd0sacl3s,1
relationships,1
perfect,1
illustration,1
https://t.co/cai4wj8t6w,1
belgian,1
@charlesmichel,1
https://t.co/4njphuv7fp,1
face:,1
discrimination,1
box.,1
lates‚Ä¶,1
"""for",1
70,1
mak‚Ä¶,1
#pride,1
#lgbtactionplan.,1
birthday.,1
https://t.co/4pmojtbunv,1
.@pennymordaunt,1
#disabilitysummit,1
language,1
dispatch,1
#nowisthetime,1
concrete,1
https://t.co/gwxgwzfzdq,1
fishing,1
industry,1
lifeblood,1
coastal,1
waters.,1
https://t.co/fvluatzfmb,1
@england.,1
us...,1
#worldcup2018,1
https://t.co/sbuwpbhgbi,1
#lgbtactionplan,1
@england‚Äôs,1
#engb‚Ä¶,1
https://t.co/cjawmeigxs,1
#engbel‚Ä¶,1
"age,",1
https://t.co/rxmagbudzp,1
contacts,1
"made,",1
developed,1
queen‚Äô‚Ä¶,1
https://t.co/r2imbfp4io,1
annual,1
c‚Ä¶,1
cookham,1
dean,1
fete,1
@great_together.,1
fitting,1
https://t.co/i1pandza2z,1
.@simonclarkemp,1
@unicornrda,1
"middlesbrough,",1
disabled,1
tees,1
realise,1
https://t.co/kj3pmoyxxd,1
"generation,",1
grandchildren.,1
#windrushday,1
https://t.co/usf4qs2tlx,1
thanked,1
https://t.co/c0zm81xc3b,1
reflects,1
exports.,1
@manchesterfire,1
illness.,1
university,1
tough,1
universities,1
develop,1
https://t.co/0iuv1lwu8j,1
commemorative,1
copies,1
ea‚Ä¶,1
"affected,",1
especially,1
required,1
guidance.,1
lamb,1
firefighters,1
multiple,1
moorland,1
fires,1
tameside,1
tirelessly,1
conditions,1
control.,1
deployed,1
effort.,1
lifting,1
beef,1
"berlin,",1
along,1
changed,1
"sandhurst,‚Ä¶",1
#mandeladay,1
https://t.co/m2lkxia4pz,1
earnings,1
2.5%,1
32.4,1
million.,1
https://t.co/rnfydazwnn,1
planes,1
powered,1
engines.,1
aerospace,1
https://t.co/tuzps5poq9,1
"countries,",1
nurture,1
"designers,",1
engineers.,1
@fiafarnborough,1
https://t.co/vkldytnmab,1
farnborough,1
airshow.,1
https://t.co/z45zchv3un,1
compromise,1
interest;,1
https://t.co/7qkkhm2qcn,1
@blenheimpalace,1
visit.,1
https://t.co/4vlwwdgfhr,1
#mandela100,1
africa.,1
apartheid,1
https://t.co/m5sktfyrt3,1
charitable,1
raising,1
@torbaysdevonnhs.,1
@kevin_j_foster,1
https://t.co/aqvrqna5qx,1
https://t.co/wvvlwnmkeg,1
@homeofbelleek,1
@dupleader,1
arlene,1
foster,1
@niogov,1
border.,1
careful,1
fought,1
management,1
https://t.co/zujpovfqem,1
pinch,1
acutely.,1
https://t.co/sroqce2qjp,1
respecting,1
https://t.co/4lq5z9rr5b,1
"union,",1
referendum.,1
https://t.co/vzzlo5h7dn,1
nelson,1
"mandela,",1
academy,1
https://t.co/hok44jk8a0,1
#dealforbritain,1
@blenheimpalace.,1
https://t.co/icejl6slvm,1
https://t.co/egapw71dhl,1
successful,1
rescue,1
trapped,1
caves,1
thailand.,1
saluting,1
involved.,1
busy,1
tomorrow!,1
https://t.co/zs3nv8ft6l,1
tragedy.,1
dawn,1
"sturgess,",1
ones.,1
officials,1
urgently,1
establish,1
"incident,",1
investigated,1
murder.,1
team.,1
#worldcup18,1
"""yesterday",1
#dealforbritain.,1
negoti‚Ä¶,1
family.,1
gratitude,1
fellow,1
boys,1
https://t.co/2sgxkl‚Ä¶,1
respects,1
deliver:,1
https://t.co/bdjy56oyxm,1
wasn't,1
saturday.,1
üè¥Û†ÅßÛ†Å¢Û†Å•Û†ÅÆÛ†ÅßÛ†Åø,1
#croeng,1
https://t.co/ei4tbhqzpr,1
larry's,1
#eng,1
https://t.co/k7f7nev8yl,1
"job,",1
globally,1
#threelions¬†#worldcup2018,1
https://t.co/g8sytlr0hn,1
westminster,1
abbey,1
https://t.co/sxerbausls,1
https://t.co/urcfumehsd,1
@andrejplenkovic,1
evening.,1
https://t.co/paun6zbxpy,1
peter,1
carrington,1
statesman,1
teacher,1
#thankateacherday?,1
@damianhinds,1
hide,1
coast,1
inspiration‚Ä¶,1
recognises,1
#pointsoflight,1
#world‚Ä¶,1
bridge,1
"injured,",1
test,1
wickets...,1
#engvpak,1
https://t.co/17x8zv8dhl,1
hard-working,1
@michelledonelan,1
@wiltsairambu,1
rapid,1
wiltshire,1
surrounding,1
counties,1
semington,1
https://t.co/bj0ikehgnn,1
"skill,",1
airmen,1
valiantly,1
defended,1
skies,1
enemies,1
bay.,1
"""let's",1
provide‚Ä¶,1
prices,1
https://t.co/l1ngbdm07r,1
https://t.co/ywic553y18,1
crime,1
completely,1
unacceptable.,1
¬£1m,1
stamp‚Ä¶,1
#worldoceansday,1
calling,1
wast‚Ä¶,1
#socceraid,1
@unicef.,1
danger,1
74th,1
40-year,1
normandy,1
"landings,",1
pave,1
liberation,1
courage.,1
https://t.co/pizsyh2sd8,1
"infrastructure,",1
including:,1
üöÑthe,1
si‚Ä¶,1
shattered,1
brexit‚Ä¶,1
https://t.co/zjaugvvddd,1
#lgbt,1
ask,1
injustice,1
are:,1
"14,900",1
doctors.,1
üè•,1
"13,200",1
wards.,1
üî¨‚Ä¶,1
elsewhere,1
animals.,1
generations.,1
force.,1
https://t.co/mm8gt6x8we,1
#dementiafriends,1
"training,",1
highlighted,1
difficulti‚Ä¶,1
@dcms:,1
2.30pm,1
minute‚Äôs,1
#manche‚Ä¶,1
battled,1
rebuild,1
stands,1
https://t.co/aznczepl5u,1
@educationgovuk:,1
#teachers,1
tonight‚Äôs,1
https://t.co/m39kl4s3x7,1
üè•#pmqs,1
commemorations,1
@edllewellynfco:,1
https://t.co/ndewy8cyhj,1
https://t.co/w3v37qz1ve,1
"evening,",1
mary,1
"ellis,",1
surviving,1
pilot,1
colin,1
"bell,",1
mosquito,1
pilot.,1
https://t.co/neybwdc5jr,1
walked,1
jet,1
elys√©e,1
express,1
solidarity,1
carers,1
discussing,1
https://t.co/dpko3nahur,1
@justlikeusuk's,1
#sdw18,1
https://t.co/vexvu2rnrc,1
arrows,1
hawk,1
t1,1
online.,1
world's,1
https://t.co/57vmxlfuqa,1
"mp,",1
finsbury,1
park,1
makram,1
ali,1
tragically,1
lost‚Ä¶,1
@royalfreenhs,1
received.,1
whoever,1
"are,",1
"means,",1
https://t.co/hjvtggxpdp,1
criminalise,1
upskirting.,1
thursday.,1
#worldcup.,1
#engtun,1
https://t.co/ydacceoqqe,1
https://t.co/ms7ovu2‚Ä¶,1
@marrshow:,1
"""there",1
¬£600,1
"cash,",1
"nhs,""",1
https://t.co/1wtlfne8je,1
70th,1
come.,1
"""today",1
https://t.co/ektpqe5w40,1
#eidmubarak,1
https://t.co/xrvt1ae‚Ä¶,1
"working,",1
#thankateacherday,1
https://t.co/rfvvyal7ta,1
arrival,1
represents,1
https://t.co/8u1o6pcb9u,1
centre.,1
https://t.co/al0m0lw4fj,1
https://t.co/8syfwlrxvy,1
holds,1
general,1
@jensstoltenberg,1
awaiting,1
contribution,1
law.,1
#roadtobr‚Ä¶,1
@nzclarke,1
girl.,1
https://t.co/jsqoqj2tyx,1
"bill,",1
https://t.co/tumotacyst,1
"epidemic,",1
conscious,1
¬£20,1
loneliness.,1
https://t.co/qlgnz8x6bn,1
https://t.co/w9jhffy4oz,1
humanitarian,1
economies.,1
defined,1
al-manaar,1
mosque.,1
#grenfell,1
https://t.co/luxc9tnxs8,1
"""whatever",1
score,1
"pitch,",1
contributio‚Ä¶,1
https://t.co/n7jndubrij,1
japan‚Äôs,1
abe,1
@jpn_pmo,1
https://t.co/m1raghwwsx,1
session,1
grow‚Ä¶,1
attending,1
explore,1
f‚Ä¶,1
bilateral,1
https://t.co/lddooyesm2,1
https://t.co/rqltk1ny6n,1
44th,1
canada.,1
https://t.co/ioqaebkvnq,1
arrived,1
quebec,1
"#g7summit,",1
iftar,1
followed,1
evening,1
about.,1
upskirting,1
invasion,1
privacy,1
feeling,1
degraded,1
distressed.,1
disappointed,1
didn't,1
soon.,1
baylab,1
@ukbayer,1
@holyportcollege,1
https://t.co/0wdvpzpg9e,1
clement‚Äôs,1
holy,1
ramadan,1
neighbours.,1
it‚Äôs‚Ä¶,1
shown.,1
"fire,",1
planted,1
camellias,1
#greenforgrenfellday,1
friday.,1
https://t.co/x31bya8bg9,1
vigil,1
.@alanmakmp,1
#havant-based,1
@southerndas,1
smaller,1
¬£24m.,1
includes,1
¬£4.1m,1
acute,1
costs,1
https://t.co/j6hmjzx0dc,1
https://t.co/kokgworkpt,1
themselves,1
children.,1
https://t.co/bdlhz17rzi,1
labour-run,1
nhs.üëá,1
https://t.co/uo2vfxt8tc,1
princess,1
eugenie,1
jack,1
brooksbank,1
engagement,1
couple.,1
https://t.co/vftnm4qjvy,1
@cpsthinktank,1
revealed,1
renationalise,1
utilities,1
¬£176,1
bil‚Ä¶,1
.@cvs_uttlesford,1
"attack,",1
year‚Äôs,1
#wef18‚Ä¶,1
https://t.co/v4lpxmrlsk,1
"states,",1
shoulder-to-shoulder,1
because‚Ä¶,1
"""harnessing",1
interests,1
fundamental,1
advance,1
"humanity.""",1
#davos18,1
hub,1
m‚Ä¶,1
#davos18.,1
#wef2018,1
tomorrow‚Äôs,1
responsibilities,1
"#davos18,",1
men,1
"standards,",1
norms,1
behave,1
digital,1
#wef18,1
https://t.co/pmgxwvtnvl,1
@alain_berset,1
#davos2018,1
"switzerland,",1
@kemibadenoch,1
thrive.,1
gratitude.,1
https://t.co/jcuha4fwom,1
@tracey_crouch,1
loneliness:,1
https://t.co/awk1tbyjkq,1
"many,",1
sad,1
reality,1
confront,1
endured,1
"elderly,",1
"carers,",1
experiences,1
with.,1
https://t.co/42dbukudyb,1
found,1
urged,1
iceland,1
packaging,1
2023,1
suit.,1
https://t.co/g8iartjg9f,1
tamils,1
thai,1
"pongal,",1
auspicio‚Ä¶,1
110,1
"elections,",1
@scullyp,1
herself,1
scale,1
https://t.co/rojpyeg6yn,1
https://t.co/lcwwqyqmea,1
waltham,1
lawrence,1
'outstanding',1
rating,1
ofsted.,1
https://t.co/er1qkjt9qj,1
@v_and_a,1
link,1
countries.,1
cordiale‚Äù,1
chaleureuse‚Äù.,1
https://t.co/x6juq8ic3r,1
#ukfrsummit.,1
acceptance,1
nusrat,1
"indeed,",1
you'll,1
https://t.co/ywwahakyka,1
turned,1
"investment,",1
https://t.co/hnua5uiao5,1
.@tracey_crouch,1
"@jocoxfoundation,",1
shine,1
light,1
jo‚Äôs,1
https://t.co/sz0vplaz1b,1
debt,1
https://t.co/esdp4x0u7t,1
micro,1
lion,1
https://t.co/b4xcee5wpr,1
50,1
corners,1
sectors,1
excels.,1
#pminchinaüá¨üáßüá®üá≥,1
https://t.co/bqtxj6sjjn,1
warm,1
beijing.,1
"relations,",1
regional,1
sustainable,1
economies,1
https://t.co/x2kx9lfeec,1
exchanges,1
yellow,1
crane,1
opera.,1
performers,1
talented.,1
https://t.co/ssf5jbbx72,1
yangtze,1
"river,",1
wuhan‚Äôs,1
river,1
city‚Äôs,1
eye,1
dotted,1
https://t.co/gdjcehuwkq,1
https://t.co/zm8svv1bkf,1
yuan,1
temple,1
https://t.co/ba1erbd6iv,1
diaoyutai,1
guesthouse,1
xi,1
#pminchi‚Ä¶,1
ill,1
stigma,1
break,1
health.,1
#timetotalk,1
accompanying,1
wildlife,1
"trip,",1
guided,1
wall,1
https://t.co‚Ä¶,1
wave,1
¬£5,1
infrastructure,1
fund.,1
https://t.co/oy2koip4cm,1
spectacular,1
forbidden,1
https://t.co/kvxjynenep,1
"lakes,",1
pollution.,1
owe,1
https://t.co/hxyqb8yk9x,1
400,1
@holocaustuk's,1
book,1
survived.,1
prejudice,1
hatred,1
lead.,1
https://t.co/64lzzrtwgv,1
2007,1
practical,1
policies,1
"buyers,",1
https://t.co/wcjkxpr3xf,1
"decision,",1
industry.,1
bombardier,1
workforce,1
https://t.co/h9t1svffig,1
statistics,1
published,1
17%,1
essential,1
https://t.co/2unwzk1kyy,1
.@horsebackuk,1
amazing,1
@andrewbowiemp‚Äôs,1
horsemanship,1
https://t.co/dfg9ww3nfr,1
"connected,",1
delivered.,1
cultural,1
educational,1
china.,1
agreements,1
enable,1
https://t.co/htjybsli48,1
https://t.co/9wqwxxayvu,1
keqiang.,1
#ukchinaüá¨üáßüá®üá≥,1
È¶ñÁõ∏ÊäµËææÂåó‰∫¨Ôºå‰∏éÊùéÂÖãÂº∫ÊÄªÁêÜ‰ºöÊô§„ÄÇ,1
https://t.co/xiv8ehw0x1,1
relations,1
https://t.co/nbuzu‚Ä¶,1
university.,1
broadband,1
existing,1
#pminc‚Ä¶,1
stunning,1
skyline,1
#tradeisgreat,1
@ratasjuri,1
estonia's,1
"defence,",1
95,1
premises,1
super,1
fast,1
@suttontories,1
charges,1
survivors,1
https://t.co/guw877mubz,1
emissions,1
g7,1
country:,1
https://t.co/brgppr4mmc,1
https://t.co/eszjp96mm4,1
https://t.co/oust7reki6,1
https://t.co/i3t2j3ycsd,1
knowledge,1
servicemen,1
away,1
own‚Ä¶,1
stationed,1
https://t.co/ck308pk1uc,1
@breastcancernow:,1
season's,1
greetings,1
@breastcancernow.,1
pink‚Ä¶,1
passport,1
independence,1
sovereignty,1
symbolising,1
citizenship,1
"proud,",1
#bluepassport,1
https://t.co/pgqvrbina5,1
arrive,1
reducing,1
https://t.co/atgloqadgl,1
landlords,1
laura,1
ambition.,1
@scottmann4nc,1
does:,1
https://t.co/udyz0jow9v,1
¬£437m,1
planned,1
round.,1
¬£437,1
"help,",1
winter.,1
https://t.co/0waclwhsqn,1
ladder.,1
exemption,1
rogue,1
november,1
https://t.co/xkrcqv47rn,1
november's,1
home:,1
https://t.co/fp5phgf2yi,1
https://t.co/btkhfoxche,1
doing.,1
https://t.co/is6xpyo6yq,1
"face,",1
2018‚Ä¶,1
powers.,1
tools,1
appreciate,1
https://t.co/7p6ofkq1ph,1
this.,1
developing,1
#commonwealthsport,1
https://t.co/wrkestdvmd,1
leaseholds,1
cheaper,1
https://t.co/eahuqgp2aw,1
leasehold,1
ground,1
rent,1
leases,1
&amp;‚Ä¶,1
happening,1
nhs?,1
https://t.co/tlpkkppfml,1
nhs:,1
midwives,1
gps.,1
treate‚Ä¶,1
2017,1
https://t.co/5vppyu97uk,1
guaranteeing,1
dependent,1
reciprocated,1
nationals,1
remaining,1
achieved:,1
https://t.co/ayzncuv8fe,1
https://t.co/uwh4nr4su3,1
tournament.,1
2022.,1
@thecgf,1
progressive,1
proposals,1
puppies,1
reared,1
unhealthy,1
circumstances,1
disregard,1
eradicate,1
https://t.co/jxe4fiyndw,1
@helpstandrews,1
long-supported,1
@martinvickers.,1
anyone,1
life-limiting,1
hosts,1
conditions.,1
https://t.co/ahtjqmtnlc,1
#warsaw,1
https://t.co/imcxx85g2x,1
@morawieckim,1
rooted,1
uk-poland,1
treaty,1
closeness,1
relationship.,1
https://t.co/y2nztzphhz,1
"#birmingham,",1
@budecleanerseas,1
stopping,1
credit,1
https://t.co/lguc6pnoah,1
planet.,1
goals,1
#25yearenvironmentplan,1
"air,",1
plentiful,1
"water,",1
plants,1
animals,1
"thriving,",1
https://t.co/ek7dkqcfhl,1
output,1
https://t.co/5bskgajqer,1
@wwtlondon,1
spot,1
birdwatching,1
@lowtherschool,1
https://t.co/k3hlmsqyvl,1
https://t.co/cwf6zkhba5,1
implementing,1
https://t.co/esrb7tmfzv,1
urging,1
https://t.co/uh71hbjwoq,1
extend,1
retailers,1
https://t.co/mhzdnzolfi,1
#25yearenvironmentplan?,1
quarter‚Ä¶,1
groundbreaking,1
25,1
in‚Ä¶,1
therapy,1
debit,1
card,1
avoid,1
hard-earned,1
https://t.co/eek5jxdk7r,1
earn.,1
fifth,1
disposable,1
https://t.co/g1gtbb1mkr,1
@equinepuk,1
leeds,1
equine,1
@andreajenkyns.,1
¬£72bn,1
offers,1
sessions,1
struggling,1
"bullying,",1
autism,1
difficulties;,1
battling,1
depression,1
overcoming,1
illnesses.,1
https://t.co/zkb9pdbwi7,1
generated,1
was‚Ä¶,1
#fitforthefuture.,1
tonnes,1
how:,1
will.,1
¬£5.7m,1
creating,1
forest.,1
120-miles,1
"bradford,",1
"leeds,",1
liverpool.,1
https://t.co/p9na6ciyx2,1
eur‚Ä¶,1
"privatisation,",1
usage,1
railways,1
doubled.,1
victorian,1
railways.,1
97p,1
fares,1
goes,1
running,1
https://t.co/nen514ws2j,1
treating,1
"course,",1
nothing,1
perfect.,1
https://t.co/nag8fohbxy,1
eight,1
something,1
#blueplanet2,1
nobody,1
ministerial,1
https://t.co/sesdg4i8pn,1
.@philiphammonduk,1
germany,1
https://t.co/21qp9xnvoj,1
fresh,1
del‚Ä¶,1
newest,1
appointments,1
whips',1
https://t.co/vg‚Ä¶,1
started,1
refresh,1
updates,1
plastics.,1
#cabinetreshuffle,1
https://t.co/qjgw‚Ä¶,1
billions,1
pieces,1
"ecosystem,",1
https://t.co/gg39dc0als,1
"bags,",1
9bn,1
fewer,1
used.,1
difference.,1
same,1
yu,1
https://t.co/2nkr1rq4cx,1
chapter,1
mile,1
matched,1
https://t.co/igflbwajyw,1
rewriting,1
challenge‚Ä¶,1
"winners,",1
"nominees,",1
britons,1
scenes,1
rightly,1
women',1
#march4women.,1
https://t.co/8qdfdtrbxk,1
https://t.co/zrcjzbwfyk,1
roger,1
bannister,1
sporting,1
icon,1
greatly,1
missed.,1
https://t.co/rnkd7mq5lx,1
alas,1
hoped,1
delayed,1
weather,1
https://t.co/ghlhgrvfk2,1
current,1
bad,1
https://t.co/l0vi1gkzum,1
copeland:,1
trudy's,1
https://t.co/dzqupbychf,1
mansplain,1
verb,1
informal,1
explaining,1
(something),1
"someone,",1
typically,1
"woman,",1
manner,1
regarded,1
condescending,1
patronising.',1
¬£830,1
embarked,1
core,1
"600,000",1
failing,1
55%,1
peak,1
"homelessness,",1
about‚Ä¶,1
2027.,1
committed‚Ä¶,1
re-states,1
https://t.co/pwxpwr‚Ä¶,1
"thursday,",1
"weather,",1
"workers,",1
.@jeremycorbyn:,1
going.,1
#pyeongchang2018,1
olympics.,1
ü•áü•âü•âü•âü•â,1
@paralympicsgb!,1
#wearethegreat,1
#befearless,1
https://t.co/wsey8f8twi,1
troops.,1
24/7,1
@defencehq,1
helpline,1
0800,1
323,1
4444,1
somewhere,1
https://t.co/rcuoyhuv7t,1
matt,1
sent,1
@10downingstreet.,1
exemplifies,1
political,1
politicians,1
laugh,1
helps,1
@telegraph.,1
https://t.co/bt012ribei,1
"@bicgreen,",1
medals,1
haul,1
record-breaking,1
swallows,1
https://t.co/oyyvkaeyjt,1
https://t.co/wcgrqmoxqn,1
authors,1
@tomfletcher,1
@pamela_butchart,1
read‚Ä¶,1
‚Äúon,1
joys,1
reading.,1
"child,",1
favourites,1
included,1
amazons,1
https://t.co/muijdx9ifz,1
as‚Ä¶,1
everyone's,1
rights.,1
#lgbthm18üè≥Ô∏è‚Äçüåà,1
https://t.co/cn54sqiwol,1
often,1
older,1
incomes,1
stuck,1
tariffs.,1
ends,1
meet.,1
'to,1
prime‚Ä¶,1
https://t.co/i6ssm8cd2o,1
‚Äúthank,1
raf,1
engineer,1
sadly,1
anglesey.,1
pilo‚Ä¶,1
@street_league,1
"birmingham,",1
¬£90m,1
inequalities,1
u‚Ä¶,1
#springforum,1
sharing,1
experiences.,1
doorsteps.,1
https://t.co/mnbmuqjtjg,1
.@mariacaulfield,1
@serv_sussex.,1
motorbike,1
transportation,1
blood,1
365,1
"service,",1
instrumental,1
saving,1
https://t.co/jvmtqqfb6t,1
recover,1
fully.,1
https://t.co/e60sgbxiif,1
march:,1
23rd,1
"brussels,",1
abuse.,1
currently,1
fundraising,1
refuge,1
‚Äúbuy,1
brick‚Äù,1
campaign:,1
https://t.co/87ophov0zu,1
https://t.co/pux0uzb4qh,1
lifted,1
"news,",1
https://t.co/jxqwpwnkkt,1
europe‚Ä¶,1
friday,1
‚Äúin,1
"lost,",1
defiance,1
seek,1
democracy‚Äù,1
@theresa_may‚Ä¶,1
¬£4.1bn,1
"400,000",1
https://t.co/koodjyoknx,1
#nhs,1
achievements.,1
nominations,1
https://t.co/oy‚Ä¶,1
porton,1
@justintomlinson,1
"down,",1
.@huddlestonnigel,1
@actiononpoverty,1
vulnerable,1
"lives,",1
believing,1
shouldn't,1
dictate,1
finish.,1
@nimkoali,1
many.,1
site,1
candidate:,1
https://t.co/alvswyj2q8,1
wo‚Ä¶,1
endure,1
forms,1
need.,1
#iwd18,1
https://t.co/ipwvsrmplr,1
@ndcs_uk:,1
wow,1
maisie,1
oscar-winning,1
film,1
@silentchildfilm,1
receives,1
praise,1
https://t.co/ztmgpqfn3r,1
@haconservatives.,1
@bobblackman,1
mind,1
eng‚Ä¶,1
investigation‚Ä¶,1
attempted,1
murder,1
nor,1
affront,1
prohibition,1
weapons.,1
https://t.co/imh3cfvcy8,1
professor,1
stephen,1
hawking,1
"courage,",1
harrow,1
invest,1
#springstatement,1
https://t.co/f5mg3lsa9q,1
despicable,1
"act"":",1
nerve,1
agent,1
salisbury.,1
https://t.co/m‚Ä¶,1
"people""",1
‚Äîpm,1
#commonwealthday,1
benefiting,1
@victoriaprentis.,1
https://t.co/rgqsekili9,1
robust,1
portraits,1
53,1
"predecessors,",1
52,1
"men,‚Ä¶",1
"""at",1
"best,",1
traditionally,1
pr‚Ä¶,1
"debate,",1
examine,1
"""over",1
papers,1
closed,1
2005.,1
democracy.,1
trusted,1
@thlof,1
"""changes",1
profound,1
cornerstones,1
our‚Ä¶,1
"""in",1
"universities,",1
bastions,1
thought,1
"expression,",1
framed,1
"""each",1
force‚Ä¶,1
https://t.co/x1pywwt2ux,1
https://t.co/3ck0kednfn,1
opposed,1
¬£450,1
polic‚Ä¶,1
#goodwork,1
"plan,",1
#taylorreview,1
means:,1
üí∑,1
payslip,1
üî§,1
contra‚Ä¶,1
"manchester,",1
"society,",1
https://t.co/gsp46rwx86,1
"does,",1
"yourself,",1
don't,1
you've,1
judge,1
male,1
"stereotype,",1
you're,1
https://t.co/pw68wtcwpm,1
grandmothers,1
vote‚Ä¶,1
electoral,1
‚Äòmy,1
@geoffrey4covnw's,1
code,1
üé•,1
üìª,1
interviewed,1
@bbcwomanshour,1
htt‚Ä¶,1
chaired,1
inaugural,1
implementation,1
taskforce,1
disc‚Ä¶,1
tradition,1
witnessed,1
commonplace.,1
tolerant,1
respectful,1
kingdom.,1
https://t.co/xge1ny1mtn,1
heading,1
enjoyable,1
trip,1
üá®üá≥,1
https://t.co/5muuqoqd1e,1
.@amessd_southend,1
"@musicmanproject,",1
music,1
specifically,1
difficulties.,1
hundred,1
https://t.co/gy7y6ajvup,1
encourage,1
#vote10‚Ä¶,1
conduct,1
puts,1
core.,1
‚Äòsocial,1
exploited,1
abuse‚Ä¶,1
ideal,1
plural,1
sphere,1
danger.,1
#stillmarching,1
https‚Ä¶,1
heroism,1
"@women2win,",1
suffrage‚Ä¶,1
mp‚Ä¶,1
competition,1
improvement.,1
differen‚Ä¶,1
"""britain‚Äôs",1
liberal,1
tolerance,1
decency.,1
i‚Ä¶,1
"""as",1
co-founder,1
https://t.co/sg64arvxow,1
sales:,1
third-party,1
welfare,1
maybe,1
quite,1
door-knocking,1
yet.,1
https://t.co/aagxqt2tnq,1
@jpapprentices:,1
apprenticeship,1
apprent‚Ä¶,1
@schofe,1
@hollywills,1
@thismorning,1
launches,1
"education,",1
out‚Ä¶,1
funding:,1
"""now",1
that‚Ä¶,1
featherstone,1
southall,1
hopes,1
plan‚Ä¶,1
landed,1
@theyarnold,1
achievement.,1
https://t.co/ylhv5g24o6,1
"""nothing",1
sa‚Ä¶,1
although,1
calder,1
activists,1
politics:,1
reading,1
#maxslaw,1
#organdonation,1
https://t.co/cahoh4uzmt,1
@tessajowell,1
@jeremy_hunt,1
@cr_uk,1
¬£45,1
tumour,1
survival,1
woefully,1
https://t.co/ys2nkkmn0m,1
https://t.co/doem9yih2d,1
rev‚Ä¶,1
https://t.co/pkc4miwkeu,1
bill:,1
who've,1
g‚Ä¶,1
"""which",1
contracts?,1
labour.‚Ä¶,1
uni‚Ä¶,1
workers‚Ä¶,1
"good,",1
rewarding,1
"everyone""",1
"affairs,",1
https://t.co/54am‚Ä¶,1
.@stgileshospice,1
@nikkilillyy,1
https://t.co/yjd1uimukf,1
freer,1
@finchleytories,1
locals,1
https://t.co/b1mxowbfyp,1
@littleleighsch,1
@winsfordacademy,1
"@stlukeshospice,",1
@sandbach's,1
https://t.co/ryppfyz0zx,1
sales.,1
https://t.co/d8wcdjh6oc,1
interviewing,1
stormont,1
üëâ¬†https://t.co/xhrolowm12,1
https://t.co/cz7equ0imj,1
junior,1
#bakeoff,1
winner,1
lilly,1
pretty,1
@cbbc,1
4pm,1
https://t.co/kgk3pxlhlh,1
cracking,1
bar,1
house.,1
varadkar,1
specialist,1
content,1
illnesses,1
midlands.,1
@mike_fabricant.,1
#chinesenewyear,1
dog,1
Êñ∞Êò•Âø´‰πê,1
florida,1
loss‚Ä¶,1
11-year,1
initiatives,1
https://t.co/6fl4lejk7t,1
terrorist,1
stamped,1
leo,1
heavily,1
disrupt,1
terrorists',1
"actions,",1
poisonous,1
propaganda,1
https://t.co/hin1zmsqfn,1
@bombardier,1
"belfast,",1
government's,1
high-‚Ä¶,1
taoiseach,1
tm,1
